NaN	NaN	NaN	NaN	NaN	NaN	NaN	NaN	NaN	NaN	NaN	NaN	NaN	NaN	NaN	NaN	NaN	0.000	-0.620	-0.110	0.130	-0.260	-0.120	-0.150	0.010	-0.010	-0.160	NaN	NaN	NaN	NaN	0.810	NaN	0.280	NaN	NaN	NaN	NaN	NaN	NaN	NaN	NaN	NaN	NaN	NaN	NaN	NaN	NaN	NaN	NaN	NaN	NaN	NaN	NaN	NaN	NaN	NaN	NaN	NaN	NaN	NaN	NaN	NaN	NaN	NaN	NaN	NaN	NaN	NaN	NaN	NaN	NaN	NaN	NaN	NaN	NaN	NaN	-0.610	0.270	-0.710	-0.620	-0.610	-0.690	-0.290	-0.620	0.670	-0.160	NaN	NaN	NaN	NaN	-0.120	NaN	-0.040	NaN	NaN	NaN	NaN	NaN	NaN	NaN	NaN	NaN	NaN	NaN	NaN	NaN	NaN	NaN	NaN	NaN	NaN	NaN	NaN	NaN	NaN	NaN	NaN	NaN	NaN
NaN	NaN	NaN	NaN	NaN	NaN	NaN	NaN	NaN	NaN	NaN	NaN	NaN	NaN	NaN	NaN	NaN	-0.750	-1.290	-0.720	-1.070	-0.750	-0.620	-0.510	-1.120	-0.560	-0.460	NaN	NaN	NaN	NaN	0.050	NaN	-0.260	NaN	NaN	NaN	NaN	NaN	NaN	NaN	NaN	NaN	NaN	NaN	NaN	NaN	NaN	NaN	NaN	NaN	NaN	NaN	NaN	NaN	NaN	NaN	NaN	NaN	NaN	NaN	NaN	NaN	NaN	NaN	NaN	NaN	NaN	NaN	NaN	NaN	NaN	NaN	NaN	NaN	NaN	NaN	0.780	-0.240	-0.290	0.020	-0.320	-0.010	1.040	0.930	0.450	-0.770	NaN	NaN	NaN	NaN	-0.300	NaN	0.250	NaN	NaN	NaN	NaN	NaN	NaN	NaN	NaN	NaN	NaN	NaN	NaN	NaN	NaN	NaN	NaN	NaN	NaN	NaN	NaN	NaN	NaN	NaN	NaN	NaN	NaN
NaN	NaN	NaN	NaN	NaN	NaN	NaN	NaN	NaN	NaN	NaN	NaN	NaN	NaN	NaN	NaN	-0.340	-0.400	-1.240	-1.060	-0.090	-0.750	-0.970	-0.810	-0.550	-0.590	-0.590	-0.540	NaN	NaN	NaN	0.000	NaN	-0.290	NaN	NaN	NaN	NaN	NaN	NaN	NaN	NaN	NaN	NaN	NaN	NaN	NaN	NaN	NaN	NaN	NaN	NaN	NaN	NaN	NaN	NaN	NaN	NaN	NaN	NaN	NaN	NaN	NaN	NaN	NaN	NaN	NaN	NaN	NaN	NaN	NaN	NaN	NaN	NaN	NaN	NaN	-0.350	-0.500	-0.470	-0.130	-0.310	0.150	-0.480	-0.120	-0.160	0.180	-0.140	0.540	NaN	NaN	NaN	-0.560	NaN	0.070	NaN	NaN	NaN	NaN	NaN	NaN	NaN	NaN	NaN	NaN	NaN	NaN	NaN	NaN	NaN	NaN	NaN	NaN	NaN	NaN	NaN	NaN	NaN	NaN	NaN	NaN
NaN	NaN	NaN	NaN	NaN	NaN	NaN	NaN	NaN	NaN	NaN	NaN	NaN	NaN	NaN	NaN	-0.340	-0.400	-1.310	-0.630	-0.100	-0.480	-1.000	-0.830	-0.580	-0.820	-0.590	-0.560	NaN	NaN	NaN	0.050	NaN	-0.350	NaN	NaN	NaN	NaN	NaN	NaN	NaN	NaN	NaN	NaN	NaN	NaN	NaN	NaN	NaN	NaN	NaN	NaN	NaN	NaN	NaN	NaN	NaN	NaN	NaN	NaN	NaN	NaN	NaN	NaN	NaN	NaN	NaN	NaN	NaN	NaN	NaN	NaN	NaN	NaN	NaN	NaN	-0.690	-0.090	-0.240	-0.130	-0.500	-0.140	-0.300	0.250	-0.400	1.260	0.110	0.580	NaN	NaN	NaN	-0.340	NaN	-0.140	NaN	NaN	NaN	NaN	NaN	NaN	NaN	NaN	NaN	NaN	NaN	NaN	NaN	NaN	NaN	NaN	NaN	NaN	NaN	NaN	NaN	NaN	NaN	NaN	NaN	NaN
NaN	NaN	NaN	NaN	NaN	NaN	NaN	NaN	NaN	NaN	NaN	NaN	NaN	NaN	NaN	NaN	-0.440	-0.010	-1.050	-1.070	-0.060	-0.970	-1.040	-0.880	-0.640	-0.940	-0.670	-0.620	NaN	NaN	NaN	-0.020	-0.320	-0.320	NaN	NaN	NaN	NaN	NaN	NaN	NaN	NaN	NaN	NaN	NaN	NaN	NaN	NaN	NaN	NaN	NaN	NaN	NaN	NaN	NaN	NaN	NaN	NaN	NaN	NaN	NaN	NaN	NaN	NaN	NaN	NaN	NaN	NaN	NaN	NaN	NaN	NaN	NaN	NaN	NaN	NaN	-0.790	-0.670	0.440	0.160	-0.350	0.020	-0.050	0.600	0.210	0.310	0.370	0.370	NaN	NaN	NaN	-0.220	0.690	-0.300	NaN	NaN	NaN	NaN	NaN	NaN	NaN	NaN	NaN	NaN	NaN	NaN	NaN	NaN	NaN	NaN	NaN	NaN	NaN	NaN	NaN	NaN	NaN	NaN	NaN	NaN
NaN	NaN	NaN	NaN	NaN	NaN	NaN	NaN	NaN	NaN	NaN	NaN	NaN	NaN	NaN	NaN	-1.060	-0.130	-0.700	-1.070	-0.020	-0.950	-1.040	0.070	0.070	-0.850	-1.120	-0.680	NaN	NaN	NaN	0.020	-0.410	-0.300	NaN	NaN	NaN	NaN	NaN	NaN	NaN	NaN	NaN	NaN	NaN	NaN	NaN	NaN	NaN	NaN	NaN	NaN	NaN	NaN	NaN	NaN	NaN	NaN	NaN	NaN	NaN	NaN	NaN	NaN	NaN	NaN	NaN	NaN	NaN	NaN	NaN	NaN	NaN	NaN	NaN	NaN	0.230	-0.440	0.480	0.100	-0.390	0.020	0.370	0.220	0.320	0.390	0.830	0.200	NaN	NaN	NaN	-0.150	0.640	-0.290	NaN	NaN	NaN	NaN	NaN	NaN	NaN	NaN	NaN	NaN	NaN	NaN	NaN	NaN	NaN	NaN	NaN	NaN	NaN	NaN	NaN	NaN	NaN	NaN	NaN	NaN
NaN	NaN	NaN	NaN	NaN	NaN	NaN	NaN	NaN	NaN	NaN	NaN	NaN	NaN	NaN	NaN	-0.460	0.010	-0.460	-1.110	0.000	-0.900	-1.000	0.050	0.140	-0.910	-0.710	-0.650	NaN	NaN	NaN	-0.030	-0.280	-0.310	NaN	NaN	NaN	NaN	NaN	NaN	NaN	NaN	NaN	NaN	NaN	NaN	NaN	NaN	NaN	NaN	NaN	NaN	NaN	NaN	NaN	NaN	NaN	NaN	NaN	NaN	NaN	NaN	NaN	NaN	NaN	NaN	NaN	NaN	NaN	NaN	NaN	NaN	NaN	NaN	NaN	NaN	-0.590	-0.500	-0.050	-0.120	-0.560	-0.130	0.380	0.090	-0.010	0.570	1.150	0.080	NaN	NaN	NaN	-0.010	0.630	-0.180	NaN	NaN	NaN	NaN	NaN	NaN	NaN	NaN	NaN	NaN	NaN	NaN	NaN	NaN	NaN	NaN	NaN	NaN	NaN	NaN	NaN	NaN	NaN	NaN	NaN	NaN
NaN	NaN	NaN	NaN	NaN	NaN	NaN	NaN	NaN	NaN	NaN	NaN	NaN	NaN	NaN	NaN	-0.480	-0.190	-1.220	-0.100	0.010	-0.180	-0.270	-0.080	0.190	-0.780	-0.480	-0.760	NaN	NaN	NaN	-0.010	-0.380	-0.330	NaN	NaN	NaN	NaN	NaN	NaN	NaN	NaN	NaN	NaN	NaN	NaN	NaN	NaN	NaN	NaN	NaN	NaN	NaN	NaN	NaN	NaN	NaN	NaN	NaN	NaN	NaN	NaN	NaN	NaN	NaN	NaN	NaN	NaN	NaN	NaN	NaN	NaN	NaN	NaN	NaN	NaN	-0.360	-0.550	-0.030	-0.580	-0.300	-0.140	0.170	0.140	-0.050	0.740	0.920	0.010	NaN	NaN	NaN	0.030	0.440	-0.030	NaN	NaN	NaN	NaN	NaN	NaN	NaN	NaN	NaN	NaN	NaN	NaN	NaN	NaN	NaN	NaN	NaN	NaN	NaN	NaN	NaN	NaN	NaN	NaN	NaN	NaN
NaN	NaN	NaN	NaN	NaN	NaN	NaN	NaN	NaN	NaN	NaN	NaN	NaN	NaN	NaN	NaN	-0.270	-0.190	-1.190	-0.120	-0.130	-0.170	-0.370	-0.020	-0.540	-0.680	-1.000	-0.730	NaN	NaN	NaN	-0.580	-0.390	-0.340	NaN	NaN	NaN	NaN	NaN	NaN	NaN	NaN	NaN	NaN	NaN	NaN	NaN	NaN	NaN	NaN	NaN	NaN	NaN	NaN	NaN	NaN	NaN	NaN	NaN	NaN	NaN	NaN	NaN	NaN	NaN	NaN	NaN	NaN	NaN	NaN	NaN	NaN	NaN	NaN	NaN	NaN	-0.200	-0.390	0.200	-0.170	-0.240	-0.010	-0.060	0.190	0.180	0.870	0.170	-0.110	NaN	NaN	NaN	0.800	0.360	0.130	NaN	NaN	NaN	NaN	NaN	NaN	NaN	NaN	NaN	NaN	NaN	NaN	NaN	NaN	NaN	NaN	NaN	NaN	NaN	NaN	NaN	NaN	NaN	NaN	NaN	NaN
NaN	NaN	NaN	NaN	NaN	NaN	NaN	NaN	NaN	NaN	NaN	NaN	NaN	NaN	NaN	NaN	-0.300	-0.280	-1.190	-0.120	-0.140	-0.180	-0.390	-0.160	-0.620	-0.610	-1.010	-0.760	NaN	NaN	NaN	-0.570	-0.380	-0.410	NaN	NaN	NaN	NaN	NaN	NaN	NaN	NaN	NaN	NaN	NaN	NaN	NaN	NaN	NaN	NaN	NaN	NaN	NaN	NaN	NaN	NaN	NaN	NaN	NaN	NaN	NaN	NaN	NaN	NaN	NaN	NaN	NaN	NaN	NaN	NaN	NaN	NaN	NaN	NaN	NaN	NaN	-0.410	-0.130	0.540	-0.490	-0.420	-0.310	-0.090	0.190	0.390	0.890	0.090	-0.090	NaN	NaN	NaN	1.100	0.260	0.170	NaN	NaN	NaN	NaN	NaN	NaN	NaN	NaN	NaN	NaN	NaN	NaN	NaN	NaN	NaN	NaN	NaN	NaN	NaN	NaN	NaN	NaN	NaN	NaN	NaN	NaN
NaN	NaN	NaN	NaN	NaN	NaN	NaN	NaN	NaN	NaN	NaN	NaN	NaN	NaN	NaN	NaN	-0.250	-0.160	-1.210	-0.090	-0.260	-0.170	-0.510	-0.150	-0.180	0.390	-1.000	-0.760	NaN	NaN	NaN	-0.390	-0.370	-0.320	NaN	NaN	NaN	NaN	NaN	NaN	NaN	NaN	NaN	NaN	NaN	NaN	NaN	NaN	NaN	NaN	NaN	NaN	NaN	NaN	NaN	NaN	NaN	NaN	NaN	NaN	NaN	NaN	NaN	NaN	NaN	NaN	NaN	NaN	NaN	NaN	NaN	NaN	NaN	NaN	NaN	NaN	-0.050	-0.200	0.730	-0.490	-0.170	-0.260	0.290	0.010	0.660	0.690	-0.070	-0.020	NaN	NaN	NaN	1.060	0.130	0.250	NaN	NaN	NaN	NaN	NaN	NaN	NaN	NaN	NaN	NaN	NaN	NaN	NaN	NaN	NaN	NaN	NaN	NaN	NaN	NaN	NaN	NaN	NaN	NaN	NaN	NaN
NaN	NaN	NaN	NaN	NaN	NaN	NaN	NaN	NaN	NaN	NaN	NaN	NaN	NaN	NaN	NaN	-0.200	-0.160	-0.120	-0.120	-0.230	-0.180	-0.650	-0.130	-0.090	0.060	-0.700	-0.750	NaN	NaN	NaN	-0.070	-0.700	-0.240	NaN	NaN	NaN	NaN	NaN	NaN	NaN	NaN	NaN	NaN	NaN	NaN	NaN	NaN	NaN	NaN	NaN	NaN	NaN	NaN	NaN	NaN	NaN	NaN	NaN	NaN	NaN	NaN	NaN	NaN	NaN	NaN	NaN	NaN	NaN	NaN	NaN	NaN	NaN	NaN	NaN	NaN	-0.340	-0.110	0.340	-0.150	-0.250	-0.080	0.180	0.220	0.640	0.910	-0.180	0.040	NaN	NaN	NaN	-0.140	0.040	0.000	NaN	NaN	NaN	NaN	NaN	NaN	NaN	NaN	NaN	NaN	NaN	NaN	NaN	NaN	NaN	NaN	NaN	NaN	NaN	NaN	NaN	NaN	NaN	NaN	NaN	NaN
NaN	NaN	NaN	NaN	NaN	NaN	NaN	NaN	NaN	NaN	NaN	NaN	NaN	NaN	NaN	NaN	-0.230	-0.120	-0.090	-0.260	-0.220	-0.150	-0.590	-0.120	-0.180	0.070	-0.700	-0.790	NaN	NaN	NaN	-0.090	-0.750	-0.110	NaN	NaN	NaN	NaN	NaN	NaN	NaN	NaN	NaN	NaN	NaN	NaN	NaN	NaN	NaN	NaN	NaN	NaN	NaN	NaN	NaN	NaN	NaN	NaN	NaN	NaN	NaN	NaN	NaN	NaN	NaN	NaN	NaN	NaN	NaN	NaN	NaN	NaN	NaN	NaN	NaN	NaN	0.130	0.240	0.140	-0.510	-0.390	-0.270	0.100	0.230	0.540	0.900	-0.190	0.090	NaN	NaN	NaN	-0.230	-0.020	-0.190	NaN	NaN	NaN	NaN	NaN	NaN	NaN	NaN	NaN	NaN	NaN	NaN	NaN	NaN	NaN	NaN	NaN	NaN	NaN	NaN	NaN	NaN	NaN	NaN	NaN	NaN
NaN	NaN	NaN	NaN	NaN	NaN	NaN	NaN	NaN	NaN	NaN	NaN	NaN	NaN	NaN	NaN	-0.170	0.000	-0.060	-0.420	-0.270	0.250	-0.560	0.040	-0.420	0.050	-0.610	-0.760	NaN	NaN	NaN	-0.080	-0.720	-0.140	NaN	NaN	NaN	NaN	NaN	NaN	NaN	NaN	NaN	NaN	NaN	NaN	NaN	NaN	NaN	NaN	NaN	NaN	NaN	NaN	NaN	NaN	NaN	NaN	NaN	NaN	NaN	NaN	NaN	NaN	NaN	NaN	NaN	NaN	NaN	NaN	NaN	NaN	NaN	NaN	NaN	NaN	0.140	0.130	0.050	-0.020	-0.060	0.030	0.490	0.150	0.600	0.730	-0.100	0.260	NaN	NaN	NaN	-0.180	-0.070	-0.200	NaN	NaN	NaN	NaN	NaN	NaN	NaN	NaN	NaN	NaN	NaN	NaN	NaN	NaN	NaN	NaN	NaN	NaN	NaN	NaN	NaN	NaN	NaN	NaN	NaN	NaN
NaN	NaN	NaN	NaN	NaN	NaN	NaN	NaN	NaN	NaN	NaN	NaN	NaN	NaN	NaN	NaN	-0.150	0.200	0.060	-0.340	-0.190	0.140	-0.430	0.120	-0.290	-0.580	-0.530	-1.200	NaN	NaN	NaN	-0.120	-0.850	-0.170	NaN	NaN	NaN	NaN	NaN	NaN	NaN	NaN	NaN	NaN	NaN	NaN	NaN	NaN	NaN	NaN	NaN	NaN	NaN	NaN	NaN	NaN	NaN	NaN	NaN	NaN	NaN	NaN	NaN	NaN	NaN	NaN	NaN	NaN	NaN	NaN	NaN	NaN	NaN	NaN	NaN	NaN	-0.090	0.370	0.150	0.020	-0.350	-0.060	0.080	0.430	0.510	0.510	-0.040	1.140	NaN	NaN	NaN	-0.060	-0.090	-0.200	NaN	NaN	NaN	NaN	NaN	NaN	NaN	NaN	NaN	NaN	NaN	NaN	NaN	NaN	NaN	NaN	NaN	NaN	NaN	NaN	NaN	NaN	NaN	NaN	NaN	NaN
NaN	NaN	NaN	NaN	NaN	NaN	NaN	NaN	NaN	NaN	NaN	NaN	NaN	NaN	NaN	NaN	-0.060	0.210	0.100	-0.200	-0.120	-0.050	-0.350	0.340	-0.860	-0.520	-0.090	-0.760	NaN	NaN	NaN	-0.130	-0.830	-0.130	NaN	NaN	NaN	NaN	NaN	NaN	NaN	NaN	NaN	NaN	NaN	NaN	NaN	NaN	NaN	NaN	NaN	NaN	NaN	NaN	NaN	NaN	NaN	NaN	NaN	NaN	NaN	NaN	NaN	NaN	NaN	NaN	NaN	NaN	NaN	NaN	NaN	NaN	NaN	NaN	NaN	NaN	0.340	0.230	0.410	-0.070	-0.010	0.060	0.450	0.260	0.100	0.510	0.070	1.280	NaN	NaN	NaN	-0.060	-0.120	-0.130	NaN	NaN	NaN	NaN	NaN	NaN	NaN	NaN	NaN	NaN	NaN	NaN	NaN	NaN	NaN	NaN	NaN	NaN	NaN	NaN	NaN	NaN	NaN	NaN	NaN	NaN
NaN	NaN	NaN	NaN	NaN	NaN	NaN	NaN	NaN	NaN	NaN	NaN	NaN	NaN	NaN	NaN	0.010	0.190	0.160	-0.230	0.060	-0.180	-0.290	0.320	-0.920	-0.390	-0.140	0.400	NaN	NaN	NaN	-0.090	-0.760	-0.170	NaN	NaN	NaN	NaN	NaN	NaN	NaN	NaN	NaN	NaN	NaN	NaN	NaN	NaN	NaN	NaN	NaN	NaN	NaN	NaN	NaN	NaN	NaN	NaN	NaN	NaN	NaN	NaN	NaN	NaN	NaN	NaN	NaN	NaN	NaN	NaN	NaN	NaN	NaN	NaN	NaN	NaN	0.080	0.340	0.230	0.620	0.040	0.270	0.390	0.500	0.220	0.570	0.210	0.100	NaN	NaN	NaN	0.040	-0.060	0.070	NaN	NaN	NaN	NaN	NaN	NaN	NaN	NaN	NaN	NaN	NaN	NaN	NaN	NaN	NaN	NaN	NaN	NaN	NaN	NaN	NaN	NaN	NaN	NaN	NaN	NaN
NaN	NaN	NaN	NaN	NaN	NaN	NaN	NaN	NaN	NaN	NaN	NaN	NaN	NaN	NaN	NaN	0.020	0.110	0.650	-0.090	0.040	-0.210	-0.330	0.240	-0.740	-0.260	-0.100	-0.090	NaN	NaN	NaN	-0.110	-0.820	-0.310	NaN	NaN	NaN	NaN	NaN	NaN	NaN	NaN	NaN	NaN	NaN	NaN	NaN	NaN	NaN	NaN	NaN	NaN	NaN	NaN	NaN	NaN	NaN	NaN	NaN	NaN	NaN	NaN	NaN	NaN	NaN	NaN	NaN	NaN	NaN	NaN	NaN	NaN	NaN	NaN	NaN	NaN	0.320	0.360	0.530	0.140	0.120	0.210	0.410	0.430	0.840	0.660	0.350	-0.030	NaN	NaN	NaN	0.060	-0.030	0.260	NaN	NaN	NaN	NaN	NaN	NaN	NaN	NaN	NaN	NaN	NaN	NaN	NaN	NaN	NaN	NaN	NaN	NaN	NaN	NaN	NaN	NaN	NaN	NaN	NaN	NaN
NaN	NaN	NaN	NaN	NaN	NaN	NaN	NaN	NaN	NaN	NaN	NaN	NaN	NaN	NaN	NaN	0.050	-0.090	0.180	0.060	0.000	-0.230	-0.210	0.270	0.140	-0.030	-0.100	NaN	NaN	NaN	NaN	-0.150	-0.800	-0.300	NaN	NaN	NaN	NaN	NaN	NaN	NaN	NaN	NaN	NaN	NaN	NaN	NaN	NaN	NaN	NaN	NaN	NaN	NaN	NaN	NaN	NaN	NaN	NaN	NaN	NaN	NaN	NaN	NaN	NaN	NaN	NaN	NaN	NaN	NaN	NaN	NaN	NaN	NaN	NaN	NaN	NaN	0.220	0.420	0.490	0.340	0.230	0.540	0.570	0.350	0.720	0.810	0.430	NaN	NaN	NaN	NaN	0.080	0.040	0.410	NaN	NaN	NaN	NaN	NaN	NaN	NaN	NaN	NaN	NaN	NaN	NaN	NaN	NaN	NaN	NaN	NaN	NaN	NaN	NaN	NaN	NaN	NaN	NaN	NaN	NaN
NaN	NaN	NaN	NaN	NaN	NaN	NaN	NaN	NaN	NaN	NaN	NaN	NaN	NaN	NaN	NaN	0.050	0.090	0.110	0.300	0.000	-0.200	-0.120	-0.070	0.220	0.490	-0.260	NaN	NaN	NaN	NaN	-0.120	-0.820	-0.320	NaN	NaN	NaN	NaN	NaN	NaN	NaN	NaN	NaN	NaN	NaN	NaN	NaN	NaN	NaN	NaN	NaN	NaN	NaN	NaN	NaN	NaN	NaN	NaN	NaN	NaN	NaN	NaN	NaN	NaN	NaN	NaN	NaN	NaN	NaN	NaN	NaN	NaN	NaN	NaN	NaN	NaN	0.120	0.370	0.560	0.260	0.110	0.370	0.190	0.580	0.340	1.140	0.840	NaN	NaN	NaN	NaN	0.190	0.170	0.830	NaN	NaN	NaN	NaN	NaN	NaN	NaN	NaN	NaN	NaN	NaN	NaN	NaN	NaN	NaN	NaN	NaN	NaN	NaN	NaN	NaN	NaN	NaN	NaN	NaN	NaN
NaN	NaN	NaN	NaN	NaN	NaN	NaN	NaN	NaN	NaN	NaN	NaN	NaN	NaN	NaN	NaN	-0.080	-0.090	0.110	0.260	-0.120	-0.080	-0.060	-0.050	0.230	0.330	-0.330	-0.150	NaN	NaN	NaN	-0.160	-0.870	-0.450	NaN	NaN	NaN	NaN	NaN	NaN	NaN	NaN	NaN	NaN	NaN	NaN	NaN	NaN	NaN	NaN	NaN	NaN	NaN	NaN	NaN	NaN	NaN	NaN	NaN	NaN	NaN	NaN	NaN	NaN	NaN	NaN	NaN	NaN	NaN	NaN	NaN	NaN	NaN	NaN	NaN	NaN	0.440	0.410	0.600	0.430	0.260	0.540	0.620	0.470	0.700	1.080	1.130	0.620	NaN	NaN	NaN	0.220	0.280	0.550	NaN	NaN	NaN	NaN	NaN	NaN	NaN	NaN	NaN	NaN	NaN	NaN	NaN	NaN	NaN	NaN	NaN	NaN	NaN	NaN	NaN	NaN	NaN	NaN	NaN	NaN
NaN	NaN	NaN	NaN	NaN	NaN	NaN	NaN	NaN	NaN	NaN	NaN	NaN	NaN	NaN	NaN	-0.110	-0.130	0.020	0.200	-0.150	-0.020	0.080	-0.060	0.060	0.410	0.190	NaN	NaN	NaN	NaN	-0.110	-0.810	-0.540	NaN	NaN	NaN	NaN	NaN	NaN	NaN	NaN	NaN	NaN	NaN	NaN	NaN	NaN	NaN	NaN	NaN	NaN	NaN	NaN	NaN	NaN	NaN	NaN	NaN	NaN	NaN	NaN	NaN	NaN	NaN	NaN	NaN	NaN	NaN	NaN	NaN	NaN	NaN	NaN	NaN	NaN	0.170	0.400	0.550	0.360	0.020	0.630	0.450	0.640	0.600	1.210	1.100	NaN	NaN	NaN	NaN	0.300	0.330	0.530	NaN	NaN	NaN	NaN	NaN	NaN	NaN	NaN	NaN	NaN	NaN	NaN	NaN	NaN	NaN	NaN	NaN	NaN	NaN	NaN	NaN	NaN	NaN	NaN	NaN	NaN
NaN	NaN	NaN	NaN	NaN	NaN	NaN	NaN	NaN	NaN	NaN	NaN	NaN	NaN	NaN	NaN	0.010	-0.060	0.090	0.100	-0.050	0.090	0.160	-0.090	0.220	-0.180	-0.240	NaN	NaN	NaN	NaN	-0.120	-1.270	-0.210	NaN	NaN	NaN	NaN	NaN	NaN	NaN	NaN	NaN	NaN	NaN	NaN	NaN	NaN	NaN	NaN	NaN	NaN	NaN	NaN	NaN	NaN	NaN	NaN	NaN	NaN	NaN	NaN	NaN	NaN	NaN	NaN	NaN	NaN	NaN	NaN	NaN	NaN	NaN	NaN	NaN	NaN	0.590	0.300	0.840	0.180	0.080	0.410	0.710	0.510	0.300	0.590	0.250	NaN	NaN	NaN	NaN	0.400	1.200	0.520	NaN	NaN	NaN	NaN	NaN	NaN	NaN	NaN	NaN	NaN	NaN	NaN	NaN	NaN	NaN	NaN	NaN	NaN	NaN	NaN	NaN	NaN	NaN	NaN	NaN	NaN
NaN	NaN	NaN	NaN	NaN	NaN	NaN	NaN	NaN	NaN	NaN	NaN	NaN	NaN	NaN	NaN	0.330	0.030	-0.040	0.000	-0.050	0.200	0.190	-0.070	0.390	0.300	-0.230	NaN	NaN	NaN	NaN	-0.180	-1.140	-0.230	NaN	NaN	NaN	NaN	NaN	NaN	NaN	NaN	NaN	NaN	NaN	NaN	NaN	NaN	NaN	NaN	NaN	NaN	NaN	NaN	NaN	NaN	NaN	NaN	NaN	NaN	NaN	NaN	NaN	NaN	NaN	NaN	NaN	NaN	NaN	NaN	NaN	NaN	NaN	NaN	NaN	NaN	0.480	0.510	0.750	0.260	0.400	0.730	0.660	0.610	0.810	0.530	0.140	NaN	NaN	NaN	NaN	0.300	1.660	0.700	NaN	NaN	NaN	NaN	NaN	NaN	NaN	NaN	NaN	NaN	NaN	NaN	NaN	NaN	NaN	NaN	NaN	NaN	NaN	NaN	NaN	NaN	NaN	NaN	NaN	NaN
NaN	NaN	NaN	NaN	NaN	NaN	NaN	NaN	NaN	NaN	NaN	NaN	NaN	NaN	NaN	NaN	0.410	0.180	-0.050	0.010	0.020	0.300	0.140	-0.040	0.050	0.560	-0.190	NaN	NaN	NaN	NaN	0.000	-0.790	-0.680	NaN	NaN	NaN	NaN	NaN	NaN	NaN	NaN	NaN	NaN	NaN	NaN	NaN	NaN	NaN	NaN	NaN	NaN	NaN	NaN	NaN	NaN	NaN	NaN	NaN	NaN	NaN	NaN	NaN	NaN	NaN	NaN	NaN	NaN	NaN	NaN	NaN	NaN	NaN	NaN	NaN	NaN	0.520	0.270	1.030	0.050	0.190	0.620	0.510	0.680	0.670	0.470	0.040	NaN	NaN	NaN	NaN	0.940	1.540	0.410	NaN	NaN	NaN	NaN	NaN	NaN	NaN	NaN	NaN	NaN	NaN	NaN	NaN	NaN	NaN	NaN	NaN	NaN	NaN	NaN	NaN	NaN	NaN	NaN	NaN	NaN
NaN	NaN	NaN	NaN	NaN	NaN	NaN	NaN	NaN	NaN	NaN	NaN	NaN	NaN	NaN	NaN	0.210	0.270	0.080	-0.010	0.170	0.210	0.100	-0.010	0.310	0.300	-0.050	NaN	NaN	NaN	NaN	0.000	-0.740	-0.530	NaN	NaN	NaN	NaN	NaN	NaN	NaN	NaN	NaN	NaN	NaN	NaN	NaN	NaN	NaN	NaN	NaN	NaN	NaN	NaN	NaN	NaN	NaN	NaN	NaN	NaN	NaN	NaN	NaN	NaN	NaN	NaN	NaN	NaN	NaN	NaN	NaN	NaN	NaN	NaN	NaN	NaN	0.860	0.470	0.970	0.360	0.580	0.440	0.720	0.500	0.490	0.450	-0.090	NaN	NaN	NaN	NaN	0.900	1.450	0.470	NaN	NaN	NaN	NaN	NaN	NaN	NaN	NaN	NaN	NaN	NaN	NaN	NaN	NaN	NaN	NaN	NaN	NaN	NaN	NaN	NaN	NaN	NaN	NaN	NaN	NaN
NaN	NaN	NaN	NaN	NaN	NaN	NaN	NaN	NaN	NaN	NaN	NaN	NaN	NaN	NaN	NaN	0.300	0.410	0.160	-0.020	0.220	0.130	0.100	0.110	0.550	0.850	-0.140	NaN	NaN	NaN	NaN	1.140	-0.860	-0.180	NaN	NaN	NaN	NaN	NaN	NaN	NaN	NaN	NaN	NaN	NaN	NaN	NaN	NaN	NaN	NaN	NaN	NaN	NaN	NaN	NaN	NaN	NaN	NaN	NaN	NaN	NaN	NaN	NaN	NaN	NaN	NaN	NaN	NaN	NaN	NaN	NaN	NaN	NaN	NaN	NaN	NaN	0.520	0.040	1.220	0.090	0.620	0.340	0.420	0.610	0.920	1.400	-0.310	NaN	NaN	NaN	NaN	1.130	0.400	0.850	NaN	NaN	NaN	NaN	NaN	NaN	NaN	NaN	NaN	NaN	NaN	NaN	NaN	NaN	NaN	NaN	NaN	NaN	NaN	NaN	NaN	NaN	NaN	NaN	NaN	NaN
NaN	NaN	NaN	NaN	NaN	NaN	NaN	NaN	NaN	NaN	NaN	NaN	NaN	NaN	NaN	NaN	0.650	0.510	0.080	0.060	0.380	0.020	-0.070	0.350	0.080	0.570	-0.100	NaN	NaN	NaN	NaN	0.140	-0.810	-0.110	NaN	NaN	NaN	NaN	NaN	NaN	NaN	NaN	NaN	NaN	NaN	NaN	NaN	NaN	NaN	NaN	NaN	NaN	NaN	NaN	NaN	NaN	NaN	NaN	NaN	NaN	NaN	NaN	NaN	NaN	NaN	NaN	NaN	NaN	NaN	NaN	NaN	NaN	NaN	NaN	NaN	NaN	0.850	0.580	0.960	0.330	0.170	0.470	0.130	0.550	0.870	0.920	-0.510	NaN	NaN	NaN	NaN	1.060	0.390	0.660	NaN	NaN	NaN	NaN	NaN	NaN	NaN	NaN	NaN	NaN	NaN	NaN	NaN	NaN	NaN	NaN	NaN	NaN	NaN	NaN	NaN	NaN	NaN	NaN	NaN	NaN
NaN	NaN	NaN	NaN	NaN	NaN	NaN	NaN	NaN	NaN	NaN	NaN	NaN	NaN	NaN	NaN	0.660	0.700	0.180	0.260	0.220	-0.060	-0.100	0.380	0.320	-0.120	0.000	NaN	NaN	NaN	NaN	0.290	-0.770	0.000	NaN	NaN	NaN	NaN	NaN	NaN	NaN	NaN	NaN	NaN	NaN	NaN	NaN	NaN	NaN	NaN	NaN	NaN	NaN	NaN	NaN	NaN	NaN	NaN	NaN	NaN	NaN	NaN	NaN	NaN	NaN	NaN	NaN	NaN	NaN	NaN	NaN	NaN	NaN	NaN	NaN	NaN	0.870	0.310	1.220	0.070	0.370	0.590	0.390	0.450	0.830	0.550	-0.390	NaN	NaN	NaN	NaN	0.960	0.280	0.520	NaN	NaN	NaN	NaN	NaN	NaN	NaN	NaN	NaN	NaN	NaN	NaN	NaN	NaN	NaN	NaN	NaN	NaN	NaN	NaN	NaN	NaN	NaN	NaN	NaN	NaN
NaN	NaN	NaN	NaN	NaN	NaN	NaN	NaN	NaN	NaN	NaN	NaN	NaN	NaN	NaN	NaN	0.570	0.880	0.240	0.470	0.080	-0.080	-0.050	0.570	0.560	0.770	0.050	NaN	NaN	NaN	NaN	0.140	-0.860	0.130	NaN	NaN	NaN	NaN	NaN	NaN	NaN	NaN	NaN	NaN	NaN	NaN	NaN	NaN	NaN	NaN	NaN	NaN	NaN	NaN	NaN	NaN	NaN	NaN	NaN	NaN	NaN	NaN	NaN	NaN	NaN	NaN	NaN	NaN	NaN	NaN	NaN	NaN	NaN	NaN	NaN	NaN	0.500	0.080	0.790	-0.140	0.560	0.550	0.400	0.320	1.130	2.140	-0.230	NaN	NaN	NaN	NaN	0.820	0.310	0.470	NaN	NaN	NaN	NaN	NaN	NaN	NaN	NaN	NaN	NaN	NaN	NaN	NaN	NaN	NaN	NaN	NaN	NaN	NaN	NaN	NaN	NaN	NaN	NaN	NaN	NaN
NaN	NaN	NaN	NaN	NaN	NaN	NaN	NaN	NaN	NaN	NaN	NaN	NaN	NaN	NaN	NaN	0.640	0.910	0.270	0.390	0.070	0.060	0.050	0.580	0.030	0.340	0.020	NaN	NaN	NaN	NaN	0.010	-0.730	0.180	NaN	NaN	NaN	NaN	NaN	NaN	NaN	NaN	NaN	NaN	NaN	NaN	NaN	NaN	NaN	NaN	NaN	NaN	NaN	NaN	NaN	NaN	NaN	NaN	NaN	NaN	NaN	NaN	NaN	NaN	NaN	NaN	NaN	NaN	NaN	NaN	NaN	NaN	NaN	NaN	NaN	NaN	0.770	0.310	1.000	0.030	0.550	0.540	0.430	0.500	0.860	1.590	-0.030	NaN	NaN	NaN	NaN	0.740	0.180	0.430	NaN	NaN	NaN	NaN	NaN	NaN	NaN	NaN	NaN	NaN	NaN	NaN	NaN	NaN	NaN	NaN	NaN	NaN	NaN	NaN	NaN	NaN	NaN	NaN	NaN	NaN
NaN	NaN	NaN	NaN	NaN	NaN	NaN	NaN	NaN	NaN	NaN	NaN	NaN	NaN	NaN	NaN	0.800	1.090	0.370	0.600	0.210	0.270	0.110	0.470	-0.070	-0.200	0.070	0.540	NaN	NaN	NaN	0.160	-0.850	0.400	NaN	NaN	NaN	NaN	NaN	NaN	NaN	NaN	NaN	NaN	NaN	NaN	NaN	NaN	NaN	NaN	NaN	NaN	NaN	NaN	NaN	NaN	NaN	NaN	NaN	NaN	NaN	NaN	NaN	NaN	NaN	NaN	NaN	NaN	NaN	NaN	NaN	NaN	NaN	NaN	NaN	NaN	0.460	0.200	0.790	0.190	0.470	0.450	0.200	0.460	0.950	1.070	0.100	0.950	NaN	NaN	NaN	0.620	0.190	0.420	NaN	NaN	NaN	NaN	NaN	NaN	NaN	NaN	NaN	NaN	NaN	NaN	NaN	NaN	NaN	NaN	NaN	NaN	NaN	NaN	NaN	NaN	NaN	NaN	NaN	NaN
NaN	NaN	NaN	NaN	NaN	NaN	NaN	NaN	NaN	NaN	NaN	NaN	NaN	NaN	NaN	NaN	0.680	0.930	0.460	0.930	0.440	0.520	0.310	0.760	-0.010	0.800	0.130	0.520	NaN	NaN	NaN	-0.110	-0.740	0.580	NaN	NaN	NaN	NaN	NaN	NaN	NaN	NaN	NaN	NaN	NaN	NaN	NaN	NaN	NaN	NaN	NaN	NaN	NaN	NaN	NaN	NaN	NaN	NaN	NaN	NaN	NaN	NaN	NaN	NaN	NaN	NaN	NaN	NaN	NaN	NaN	NaN	NaN	NaN	NaN	NaN	NaN	0.070	0.300	1.180	0.300	0.280	0.800	0.300	0.320	1.130	2.380	0.010	1.060	NaN	NaN	NaN	-0.120	0.080	0.520	NaN	NaN	NaN	NaN	NaN	NaN	NaN	NaN	NaN	NaN	NaN	NaN	NaN	NaN	NaN	NaN	NaN	NaN	NaN	NaN	NaN	NaN	NaN	NaN	NaN	NaN
NaN	NaN	NaN	NaN	NaN	NaN	NaN	NaN	NaN	NaN	NaN	NaN	NaN	NaN	NaN	NaN	0.780	0.910	0.480	1.240	0.720	0.440	0.480	1.350	-0.030	0.280	0.480	0.430	NaN	NaN	NaN	-0.140	-0.790	0.330	NaN	NaN	NaN	NaN	NaN	NaN	NaN	NaN	NaN	NaN	NaN	NaN	NaN	NaN	NaN	NaN	NaN	NaN	NaN	NaN	NaN	NaN	NaN	NaN	NaN	NaN	NaN	NaN	NaN	NaN	NaN	NaN	NaN	NaN	NaN	NaN	NaN	NaN	NaN	NaN	NaN	NaN	0.350	0.300	0.700	0.330	0.510	0.830	0.640	0.370	0.800	1.750	0.680	1.130	NaN	NaN	NaN	-0.040	0.130	0.630	NaN	NaN	NaN	NaN	NaN	NaN	NaN	NaN	NaN	NaN	NaN	NaN	NaN	NaN	NaN	NaN	NaN	NaN	NaN	NaN	NaN	NaN	NaN	NaN	NaN	NaN
NaN	NaN	NaN	NaN	NaN	NaN	NaN	NaN	NaN	NaN	NaN	NaN	NaN	NaN	NaN	NaN	0.860	1.020	0.610	1.070	1.080	0.820	0.640	1.180	0.120	1.060	0.550	0.470	NaN	NaN	NaN	-0.050	-0.720	-0.030	NaN	NaN	NaN	NaN	NaN	NaN	NaN	NaN	NaN	NaN	NaN	NaN	NaN	NaN	NaN	NaN	NaN	NaN	NaN	NaN	NaN	NaN	NaN	NaN	NaN	NaN	NaN	NaN	NaN	NaN	NaN	NaN	NaN	NaN	NaN	NaN	NaN	NaN	NaN	NaN	NaN	NaN	0.510	0.410	0.480	0.560	0.650	0.650	0.900	0.830	1.150	3.020	0.650	1.300	NaN	NaN	NaN	0.050	0.060	0.680	NaN	NaN	NaN	NaN	NaN	NaN	NaN	NaN	NaN	NaN	NaN	NaN	NaN	NaN	NaN	NaN	NaN	NaN	NaN	NaN	NaN	NaN	NaN	NaN	NaN	NaN
NaN	NaN	NaN	NaN	NaN	NaN	NaN	NaN	NaN	NaN	NaN	NaN	NaN	NaN	NaN	NaN	0.650	1.220	0.720	1.520	1.050	1.390	0.940	1.010	0.420	0.500	0.560	0.620	NaN	NaN	NaN	-0.020	-0.800	-0.100	NaN	NaN	NaN	NaN	NaN	NaN	NaN	NaN	NaN	NaN	NaN	NaN	NaN	NaN	NaN	NaN	NaN	NaN	NaN	NaN	NaN	NaN	NaN	NaN	NaN	NaN	NaN	NaN	NaN	NaN	NaN	NaN	NaN	NaN	NaN	NaN	NaN	NaN	NaN	NaN	NaN	NaN	0.500	0.410	0.690	0.450	0.660	0.620	0.620	0.680	1.220	2.210	0.470	1.660	NaN	NaN	NaN	0.110	-0.010	0.300	NaN	NaN	NaN	NaN	NaN	NaN	NaN	NaN	NaN	NaN	NaN	NaN	NaN	NaN	NaN	NaN	NaN	NaN	NaN	NaN	NaN	NaN	NaN	NaN	NaN	NaN
NaN	NaN	NaN	NaN	NaN	NaN	NaN	NaN	NaN	NaN	NaN	NaN	NaN	NaN	NaN	NaN	0.930	1.320	0.880	0.900	1.040	0.920	1.440	1.450	0.190	NaN	0.530	0.580	NaN	NaN	NaN	0.060	-0.740	0.130	NaN	NaN	NaN	NaN	NaN	NaN	NaN	NaN	NaN	NaN	NaN	NaN	NaN	NaN	NaN	NaN	NaN	NaN	NaN	NaN	NaN	NaN	NaN	NaN	NaN	NaN	NaN	NaN	NaN	NaN	NaN	NaN	NaN	NaN	NaN	NaN	NaN	NaN	NaN	NaN	NaN	NaN	0.240	0.150	1.070	0.250	0.460	0.700	0.470	0.470	0.860	NaN	0.520	1.810	NaN	NaN	NaN	0.100	0.160	0.370	NaN	NaN	NaN	NaN	NaN	NaN	NaN	NaN	NaN	NaN	NaN	NaN	NaN	NaN	NaN	NaN	NaN	NaN	NaN	NaN	NaN	NaN	NaN	NaN	NaN	NaN
NaN	NaN	NaN	NaN	NaN	NaN	NaN	NaN	NaN	NaN	NaN	NaN	NaN	NaN	NaN	NaN	1.120	1.240	1.690	0.840	1.210	1.210	1.820	0.960	0.100	0.660	0.470	0.400	2.140	NaN	NaN	0.050	-0.720	0.200	NaN	NaN	NaN	NaN	NaN	NaN	NaN	NaN	NaN	NaN	NaN	NaN	NaN	NaN	NaN	NaN	NaN	NaN	NaN	NaN	NaN	NaN	NaN	NaN	NaN	NaN	NaN	NaN	NaN	NaN	NaN	NaN	NaN	NaN	NaN	NaN	NaN	NaN	NaN	NaN	NaN	NaN	0.190	0.280	0.820	0.220	0.400	0.850	0.730	0.520	1.200	2.570	0.640	1.900	3.450	NaN	NaN	0.150	0.840	0.290	NaN	NaN	NaN	NaN	NaN	NaN	NaN	NaN	NaN	NaN	NaN	NaN	NaN	NaN	NaN	NaN	NaN	NaN	NaN	NaN	NaN	NaN	NaN	NaN	NaN	NaN
NaN	NaN	NaN	NaN	NaN	NaN	NaN	NaN	NaN	NaN	NaN	NaN	NaN	NaN	NaN	NaN	0.740	1.180	1.770	1.240	0.740	1.330	1.590	1.010	0.130	-0.010	0.430	0.150	2.000	NaN	NaN	0.020	-0.040	0.040	NaN	NaN	NaN	NaN	NaN	NaN	NaN	NaN	NaN	NaN	NaN	NaN	NaN	NaN	NaN	NaN	NaN	NaN	NaN	NaN	NaN	NaN	NaN	NaN	NaN	NaN	NaN	NaN	NaN	NaN	NaN	NaN	NaN	NaN	NaN	NaN	NaN	NaN	NaN	NaN	NaN	NaN	0.390	0.430	0.590	0.460	0.710	0.710	0.820	0.590	1.330	1.700	0.580	1.950	3.650	NaN	NaN	0.240	1.870	0.250	NaN	NaN	NaN	NaN	NaN	NaN	NaN	NaN	NaN	NaN	NaN	NaN	NaN	NaN	NaN	NaN	NaN	NaN	NaN	NaN	NaN	NaN	NaN	NaN	NaN	NaN
NaN	NaN	NaN	NaN	NaN	NaN	NaN	NaN	NaN	NaN	NaN	NaN	NaN	NaN	NaN	NaN	0.980	2.330	1.710	1.020	0.870	1.130	1.780	1.330	0.240	0.930	0.420	0.330	NaN	NaN	NaN	0.060	-0.010	0.000	NaN	NaN	NaN	NaN	NaN	NaN	NaN	NaN	NaN	NaN	NaN	NaN	NaN	NaN	NaN	NaN	NaN	NaN	NaN	NaN	NaN	NaN	NaN	NaN	NaN	NaN	NaN	NaN	NaN	NaN	NaN	NaN	NaN	NaN	NaN	NaN	NaN	NaN	NaN	NaN	NaN	NaN	0.610	0.510	1.070	0.540	0.790	0.610	0.940	0.520	1.050	2.900	0.700	1.920	NaN	NaN	NaN	0.320	1.540	0.160	NaN	NaN	NaN	NaN	NaN	NaN	NaN	NaN	NaN	NaN	NaN	NaN	NaN	NaN	NaN	NaN	NaN	NaN	NaN	NaN	NaN	NaN	NaN	NaN	NaN	NaN
NaN	NaN	NaN	NaN	NaN	NaN	NaN	NaN	NaN	NaN	NaN	NaN	NaN	NaN	NaN	NaN	1.260	2.150	1.930	1.000	0.950	1.570	1.710	0.910	0.450	0.140	0.330	0.270	-0.320	NaN	NaN	0.200	0.040	-0.020	NaN	NaN	NaN	NaN	NaN	NaN	NaN	NaN	NaN	NaN	NaN	NaN	NaN	NaN	NaN	NaN	NaN	NaN	NaN	NaN	NaN	NaN	NaN	NaN	NaN	NaN	NaN	NaN	NaN	NaN	NaN	NaN	NaN	NaN	NaN	NaN	NaN	NaN	NaN	NaN	NaN	NaN	0.900	0.360	1.170	0.470	0.740	0.530	0.560	0.330	1.440	2.050	1.610	2.030	1.450	NaN	NaN	0.260	1.040	0.110	NaN	NaN	NaN	NaN	NaN	NaN	NaN	NaN	NaN	NaN	NaN	NaN	NaN	NaN	NaN	NaN	NaN	NaN	NaN	NaN	NaN	NaN	NaN	NaN	NaN	NaN
NaN	NaN	NaN	NaN	NaN	NaN	NaN	NaN	NaN	NaN	NaN	NaN	NaN	NaN	NaN	NaN	0.870	2.220	1.730	1.300	0.530	1.050	1.410	0.890	0.400	-1.590	0.310	0.370	-0.450	NaN	NaN	0.240	0.020	0.170	NaN	NaN	NaN	NaN	NaN	NaN	NaN	NaN	NaN	NaN	NaN	NaN	NaN	NaN	NaN	NaN	NaN	NaN	NaN	NaN	NaN	NaN	NaN	NaN	NaN	NaN	NaN	NaN	NaN	NaN	NaN	NaN	NaN	NaN	NaN	NaN	NaN	NaN	NaN	NaN	NaN	NaN	0.690	0.100	0.860	0.180	0.450	0.420	0.460	0.120	1.340	5.970	1.550	1.970	2.970	NaN	NaN	0.200	1.160	0.370	NaN	NaN	NaN	NaN	NaN	NaN	NaN	NaN	NaN	NaN	NaN	NaN	NaN	NaN	NaN	NaN	NaN	NaN	NaN	NaN	NaN	NaN	NaN	NaN	NaN	NaN
NaN	NaN	NaN	NaN	NaN	NaN	NaN	NaN	NaN	NaN	NaN	NaN	NaN	NaN	NaN	NaN	1.000	2.460	1.960	1.200	0.760	1.020	1.760	1.340	0.280	0.620	1.660	0.430	-0.770	NaN	NaN	0.530	0.050	0.030	NaN	NaN	NaN	NaN	NaN	NaN	NaN	NaN	NaN	NaN	NaN	NaN	NaN	NaN	NaN	NaN	NaN	NaN	NaN	NaN	NaN	NaN	NaN	NaN	NaN	NaN	NaN	NaN	NaN	NaN	NaN	NaN	NaN	NaN	NaN	NaN	NaN	NaN	NaN	NaN	NaN	NaN	0.450	0.160	0.760	0.290	0.420	0.600	0.500	0.160	1.140	2.590	2.170	2.030	3.020	NaN	NaN	0.780	1.120	0.220	NaN	NaN	NaN	NaN	NaN	NaN	NaN	NaN	NaN	NaN	NaN	NaN	NaN	NaN	NaN	NaN	NaN	NaN	NaN	NaN	NaN	NaN	NaN	NaN	NaN	NaN
NaN	NaN	NaN	NaN	NaN	NaN	NaN	NaN	NaN	NaN	NaN	NaN	NaN	NaN	NaN	NaN	1.380	2.410	1.530	0.810	0.840	1.460	1.590	1.100	0.240	-0.070	3.610	0.550	-0.210	NaN	NaN	0.470	0.090	-0.150	NaN	NaN	NaN	NaN	NaN	NaN	NaN	NaN	NaN	NaN	NaN	NaN	NaN	NaN	NaN	NaN	NaN	NaN	NaN	NaN	NaN	NaN	NaN	NaN	NaN	NaN	NaN	NaN	NaN	NaN	NaN	NaN	NaN	NaN	NaN	NaN	NaN	NaN	NaN	NaN	NaN	NaN	0.720	0.210	1.060	0.660	0.750	0.720	0.720	0.160	1.450	2.070	3.100	2.160	2.230	NaN	NaN	0.610	0.820	0.370	NaN	NaN	NaN	NaN	NaN	NaN	NaN	NaN	NaN	NaN	NaN	NaN	NaN	NaN	NaN	NaN	NaN	NaN	NaN	NaN	NaN	NaN	NaN	NaN	NaN	NaN
NaN	NaN	NaN	NaN	NaN	NaN	NaN	NaN	NaN	NaN	NaN	NaN	NaN	NaN	NaN	NaN	1.050	2.590	1.790	1.140	0.660	0.860	1.500	0.830	0.330	-0.650	3.750	0.640	0.600	NaN	NaN	0.370	0.000	-0.310	NaN	NaN	NaN	NaN	NaN	NaN	NaN	NaN	NaN	NaN	NaN	NaN	NaN	NaN	NaN	NaN	NaN	NaN	NaN	NaN	NaN	NaN	NaN	NaN	NaN	NaN	NaN	NaN	NaN	NaN	NaN	NaN	NaN	NaN	NaN	NaN	NaN	NaN	NaN	NaN	NaN	NaN	0.930	0.440	1.250	0.730	0.740	0.810	0.760	0.290	1.370	1.970	4.170	1.540	1.740	NaN	NaN	0.500	0.700	0.470	NaN	NaN	NaN	NaN	NaN	NaN	NaN	NaN	NaN	NaN	NaN	NaN	NaN	NaN	NaN	NaN	NaN	NaN	NaN	NaN	NaN	NaN	NaN	NaN	NaN	NaN
NaN	NaN	NaN	NaN	NaN	NaN	NaN	NaN	NaN	NaN	NaN	NaN	NaN	NaN	NaN	NaN	1.100	2.150	1.640	1.360	1.070	0.800	1.670	1.140	0.460	0.340	3.980	0.590	0.490	NaN	NaN	0.320	-0.020	-0.040	NaN	NaN	NaN	NaN	NaN	NaN	NaN	NaN	NaN	NaN	NaN	NaN	NaN	NaN	NaN	NaN	NaN	NaN	NaN	NaN	NaN	NaN	NaN	NaN	NaN	NaN	NaN	NaN	NaN	NaN	NaN	NaN	NaN	NaN	NaN	NaN	NaN	NaN	NaN	NaN	NaN	NaN	1.140	0.450	0.940	0.520	0.890	0.740	0.530	0.420	1.230	2.800	4.270	0.650	1.400	NaN	NaN	0.360	0.690	0.500	NaN	NaN	NaN	NaN	NaN	NaN	NaN	NaN	NaN	NaN	NaN	NaN	NaN	NaN	NaN	NaN	NaN	NaN	NaN	NaN	NaN	NaN	NaN	NaN	NaN	NaN
NaN	NaN	NaN	NaN	NaN	NaN	NaN	NaN	NaN	NaN	NaN	NaN	NaN	NaN	NaN	NaN	1.430	2.610	1.320	1.250	1.060	1.250	1.520	1.390	0.840	0.280	4.130	0.560	0.140	NaN	NaN	0.220	0.060	-0.370	NaN	NaN	NaN	NaN	NaN	NaN	NaN	NaN	NaN	NaN	NaN	NaN	NaN	NaN	NaN	NaN	NaN	NaN	NaN	NaN	NaN	NaN	NaN	NaN	NaN	NaN	NaN	NaN	NaN	NaN	NaN	NaN	NaN	NaN	NaN	NaN	NaN	NaN	NaN	NaN	NaN	NaN	0.920	0.410	0.720	0.520	0.630	0.560	0.510	0.380	1.710	2.210	4.590	0.680	1.460	NaN	NaN	0.500	0.810	0.390	NaN	NaN	NaN	NaN	NaN	NaN	NaN	NaN	NaN	NaN	NaN	NaN	NaN	NaN	NaN	NaN	NaN	NaN	NaN	NaN	NaN	NaN	NaN	NaN	NaN	NaN
NaN	NaN	NaN	NaN	NaN	NaN	NaN	NaN	NaN	NaN	NaN	NaN	NaN	NaN	NaN	NaN	1.150	2.130	1.490	1.590	0.990	1.120	1.380	1.020	0.950	0.120	4.280	0.570	0.160	NaN	NaN	0.140	0.040	-0.240	NaN	NaN	NaN	NaN	NaN	NaN	NaN	NaN	NaN	NaN	NaN	NaN	NaN	NaN	NaN	NaN	NaN	NaN	NaN	NaN	NaN	NaN	NaN	NaN	NaN	NaN	NaN	NaN	NaN	NaN	NaN	NaN	NaN	NaN	NaN	NaN	NaN	NaN	NaN	NaN	NaN	NaN	0.760	0.190	0.980	0.550	0.540	0.510	0.320	0.340	1.740	2.240	4.900	0.690	1.600	NaN	NaN	0.560	0.920	0.540	NaN	NaN	NaN	NaN	NaN	NaN	NaN	NaN	NaN	NaN	NaN	NaN	NaN	NaN	NaN	NaN	NaN	NaN	NaN	NaN	NaN	NaN	NaN	NaN	NaN	NaN
NaN	NaN	NaN	NaN	NaN	NaN	NaN	NaN	NaN	NaN	NaN	NaN	NaN	NaN	NaN	NaN	1.150	1.820	1.700	1.340	1.290	0.860	1.630	1.090	0.860	-0.010	3.850	0.550	-0.020	NaN	0.100	0.530	0.050	-0.140	NaN	NaN	NaN	NaN	NaN	NaN	NaN	NaN	NaN	NaN	NaN	NaN	NaN	NaN	NaN	NaN	NaN	NaN	NaN	NaN	NaN	NaN	NaN	NaN	NaN	NaN	NaN	NaN	NaN	NaN	NaN	NaN	NaN	NaN	NaN	NaN	NaN	NaN	NaN	NaN	NaN	NaN	0.660	0.220	1.130	0.800	0.600	0.580	0.360	0.250	1.150	2.620	4.610	0.430	1.530	NaN	1.450	1.030	0.940	0.690	NaN	NaN	NaN	NaN	NaN	NaN	NaN	NaN	NaN	NaN	NaN	NaN	NaN	NaN	NaN	NaN	NaN	NaN	NaN	NaN	NaN	NaN	NaN	NaN	NaN	NaN
NaN	NaN	NaN	NaN	NaN	NaN	NaN	NaN	NaN	NaN	NaN	NaN	NaN	NaN	NaN	NaN	1.490	2.160	1.490	1.170	1.210	0.990	1.310	1.510	0.760	0.070	3.530	0.390	-0.030	NaN	-0.320	1.800	-0.030	0.000	NaN	NaN	NaN	NaN	NaN	NaN	NaN	NaN	NaN	NaN	NaN	NaN	NaN	NaN	NaN	NaN	NaN	NaN	NaN	NaN	NaN	NaN	NaN	NaN	NaN	NaN	NaN	NaN	NaN	NaN	NaN	NaN	NaN	NaN	NaN	NaN	NaN	NaN	NaN	NaN	NaN	NaN	0.730	0.440	1.080	0.850	0.840	0.770	0.530	0.280	0.720	2.370	4.530	0.360	1.190	NaN	1.650	2.170	0.930	0.690	NaN	NaN	NaN	NaN	NaN	NaN	NaN	NaN	NaN	NaN	NaN	NaN	NaN	NaN	NaN	NaN	NaN	NaN	NaN	NaN	NaN	NaN	NaN	NaN	NaN	NaN
NaN	NaN	NaN	NaN	NaN	NaN	NaN	NaN	NaN	NaN	NaN	NaN	NaN	NaN	NaN	NaN	1.280	1.940	1.570	1.980	1.080	1.380	1.300	1.270	0.740	-0.010	2.580	0.470	-0.050	NaN	-0.490	1.180	-0.090	0.190	NaN	NaN	NaN	NaN	NaN	NaN	NaN	NaN	NaN	NaN	NaN	NaN	NaN	NaN	NaN	NaN	NaN	NaN	NaN	NaN	NaN	NaN	NaN	NaN	NaN	NaN	NaN	NaN	NaN	NaN	NaN	NaN	NaN	NaN	NaN	NaN	NaN	NaN	NaN	NaN	NaN	NaN	1.040	0.540	0.840	0.750	0.890	0.970	0.650	0.410	0.750	2.880	4.350	0.300	1.530	NaN	0.740	2.110	0.860	0.590	NaN	NaN	NaN	NaN	NaN	NaN	NaN	NaN	NaN	NaN	NaN	NaN	NaN	NaN	NaN	NaN	NaN	NaN	NaN	NaN	NaN	NaN	NaN	NaN	NaN	NaN
NaN	NaN	NaN	NaN	NaN	NaN	NaN	NaN	NaN	NaN	NaN	NaN	NaN	NaN	NaN	NaN	1.110	1.920	1.620	1.520	1.230	1.220	1.440	0.980	0.800	0.180	2.040	0.470	0.070	NaN	-0.510	1.090	-0.010	0.830	NaN	NaN	NaN	NaN	NaN	NaN	NaN	NaN	NaN	NaN	NaN	NaN	NaN	NaN	NaN	NaN	NaN	NaN	NaN	NaN	NaN	NaN	NaN	NaN	NaN	NaN	NaN	NaN	NaN	NaN	NaN	NaN	NaN	NaN	NaN	NaN	NaN	NaN	NaN	NaN	NaN	NaN	1.160	0.660	0.960	0.700	0.930	1.050	0.670	0.670	0.870	2.420	3.180	0.310	1.610	NaN	0.270	1.980	0.860	0.730	NaN	NaN	NaN	NaN	NaN	NaN	NaN	NaN	NaN	NaN	NaN	NaN	NaN	NaN	NaN	NaN	NaN	NaN	NaN	NaN	NaN	NaN	NaN	NaN	NaN	NaN
NaN	NaN	NaN	NaN	NaN	NaN	NaN	NaN	NaN	NaN	NaN	NaN	NaN	NaN	NaN	NaN	1.450	2.260	1.620	2.000	1.340	1.160	1.460	0.990	0.840	0.260	2.210	0.670	0.070	NaN	-0.550	1.840	1.650	0.740	0.170	NaN	NaN	NaN	NaN	NaN	NaN	NaN	NaN	NaN	NaN	NaN	NaN	NaN	NaN	NaN	NaN	NaN	NaN	NaN	NaN	NaN	NaN	NaN	NaN	NaN	NaN	NaN	NaN	NaN	NaN	NaN	NaN	NaN	NaN	NaN	NaN	NaN	NaN	NaN	NaN	NaN	0.980	0.710	1.190	0.700	0.740	0.960	0.650	0.780	0.890	3.020	2.120	0.390	1.430	NaN	0.350	2.350	0.990	0.530	0.470	NaN	NaN	NaN	NaN	NaN	NaN	NaN	NaN	NaN	NaN	NaN	NaN	NaN	NaN	NaN	NaN	NaN	NaN	NaN	NaN	NaN	NaN	NaN	NaN	NaN
NaN	NaN	NaN	NaN	NaN	NaN	NaN	NaN	NaN	NaN	NaN	NaN	NaN	NaN	NaN	NaN	1.650	2.100	1.950	1.960	1.200	1.520	1.320	1.410	1.080	0.430	1.800	0.930	0.180	3.890	-0.930	1.140	2.260	0.480	-0.590	NaN	NaN	NaN	NaN	NaN	NaN	NaN	NaN	NaN	NaN	NaN	NaN	NaN	NaN	NaN	NaN	NaN	NaN	NaN	NaN	NaN	NaN	NaN	NaN	NaN	NaN	NaN	NaN	NaN	NaN	NaN	NaN	NaN	NaN	NaN	NaN	NaN	NaN	NaN	NaN	NaN	0.780	0.550	1.250	0.760	0.700	0.800	0.530	0.870	0.810	2.770	1.310	0.370	1.000	4.900	1.910	2.060	1.330	0.660	4.770	NaN	NaN	NaN	NaN	NaN	NaN	NaN	NaN	NaN	NaN	NaN	NaN	NaN	NaN	NaN	NaN	NaN	NaN	NaN	NaN	NaN	NaN	NaN	NaN	NaN
NaN	NaN	NaN	NaN	NaN	NaN	NaN	NaN	NaN	NaN	NaN	NaN	NaN	NaN	NaN	NaN	1.670	2.700	1.920	1.540	1.430	1.670	1.480	1.220	1.210	0.610	1.820	0.880	0.120	3.890	-0.270	0.710	1.830	0.440	-0.450	0.180	NaN	NaN	NaN	NaN	NaN	NaN	NaN	NaN	NaN	NaN	NaN	NaN	NaN	NaN	NaN	NaN	NaN	NaN	NaN	NaN	NaN	NaN	NaN	NaN	NaN	NaN	NaN	NaN	NaN	NaN	NaN	NaN	NaN	NaN	NaN	NaN	NaN	NaN	NaN	NaN	0.620	0.570	1.020	0.890	0.720	0.730	0.470	0.830	0.720	2.520	0.970	0.540	0.800	5.480	0.560	1.670	1.390	0.790	4.000	1.270	NaN	NaN	NaN	NaN	NaN	NaN	NaN	NaN	NaN	NaN	NaN	NaN	NaN	NaN	NaN	NaN	NaN	NaN	NaN	NaN	NaN	NaN	NaN	NaN
NaN	NaN	NaN	NaN	NaN	NaN	NaN	NaN	NaN	NaN	NaN	NaN	NaN	NaN	NaN	NaN	2.060	2.950	2.040	1.710	1.560	1.500	1.760	1.030	1.230	0.650	1.920	0.900	0.240	3.970	-0.320	0.890	1.480	0.740	-0.460	0.620	NaN	NaN	NaN	NaN	NaN	NaN	NaN	NaN	NaN	NaN	NaN	NaN	NaN	NaN	NaN	NaN	NaN	NaN	NaN	NaN	NaN	NaN	NaN	NaN	NaN	NaN	NaN	NaN	NaN	NaN	NaN	NaN	NaN	NaN	NaN	NaN	NaN	NaN	NaN	NaN	0.970	0.480	0.750	0.910	0.850	1.020	0.650	0.770	0.640	1.960	0.550	0.640	0.830	5.940	0.390	0.870	1.690	0.520	2.710	4.180	NaN	NaN	NaN	NaN	NaN	NaN	NaN	NaN	NaN	NaN	NaN	NaN	NaN	NaN	NaN	NaN	NaN	NaN	NaN	NaN	NaN	NaN	NaN	NaN
NaN	NaN	NaN	NaN	NaN	NaN	NaN	NaN	NaN	NaN	NaN	NaN	NaN	NaN	NaN	NaN	1.990	2.960	2.550	1.690	1.600	2.090	1.750	1.280	1.100	0.650	1.610	0.850	0.480	4.080	-0.530	1.250	1.240	1.100	0.090	0.730	NaN	NaN	NaN	NaN	NaN	NaN	NaN	NaN	NaN	NaN	NaN	NaN	NaN	NaN	NaN	NaN	NaN	NaN	NaN	NaN	NaN	NaN	NaN	NaN	NaN	NaN	NaN	NaN	NaN	NaN	NaN	NaN	NaN	NaN	NaN	NaN	NaN	NaN	NaN	NaN	1.060	0.560	0.930	1.070	1.050	1.320	0.960	0.630	0.950	1.630	0.280	0.690	0.900	6.210	0.300	0.810	1.670	0.680	1.970	5.730	NaN	NaN	NaN	NaN	NaN	NaN	NaN	NaN	NaN	NaN	NaN	NaN	NaN	NaN	NaN	NaN	NaN	NaN	NaN	NaN	NaN	NaN	NaN	NaN
NaN	NaN	NaN	NaN	NaN	NaN	NaN	NaN	NaN	NaN	NaN	NaN	NaN	NaN	NaN	NaN	1.960	3.180	2.480	1.570	2.080	1.930	2.200	1.710	0.890	0.390	1.330	0.720	0.580	4.220	-0.660	0.900	1.680	0.710	0.550	1.500	4.360	NaN	NaN	NaN	NaN	NaN	NaN	NaN	NaN	NaN	NaN	NaN	NaN	NaN	NaN	NaN	NaN	NaN	NaN	NaN	NaN	NaN	NaN	NaN	NaN	NaN	NaN	NaN	NaN	NaN	NaN	NaN	NaN	NaN	NaN	NaN	NaN	NaN	NaN	NaN	1.090	0.800	1.040	0.870	1.010	1.470	1.060	0.690	1.190	1.650	0.440	0.810	0.870	6.430	0.950	0.860	1.360	0.840	1.730	5.690	5.610	NaN	NaN	NaN	NaN	NaN	NaN	NaN	NaN	NaN	NaN	NaN	NaN	NaN	NaN	NaN	NaN	NaN	NaN	NaN	NaN	NaN	NaN	NaN
NaN	NaN	NaN	NaN	NaN	NaN	NaN	NaN	NaN	NaN	NaN	NaN	NaN	NaN	NaN	NaN	2.420	2.680	2.800	2.240	1.840	1.960	2.220	1.460	0.860	0.310	1.410	0.990	0.560	4.340	-0.510	0.390	2.020	0.340	0.880	1.280	4.400	NaN	NaN	NaN	NaN	NaN	NaN	NaN	NaN	NaN	NaN	NaN	NaN	NaN	NaN	NaN	NaN	NaN	NaN	NaN	NaN	NaN	NaN	NaN	NaN	NaN	NaN	NaN	NaN	NaN	NaN	NaN	NaN	NaN	NaN	NaN	NaN	NaN	NaN	NaN	0.910	0.830	1.000	0.820	0.940	1.300	1.040	0.940	1.210	1.360	0.530	0.830	0.850	5.980	1.050	1.130	1.150	1.000	2.990	4.920	5.890	NaN	NaN	NaN	NaN	NaN	NaN	NaN	NaN	NaN	NaN	NaN	NaN	NaN	NaN	NaN	NaN	NaN	NaN	NaN	NaN	NaN	NaN	NaN
NaN	NaN	NaN	NaN	NaN	NaN	NaN	NaN	NaN	NaN	NaN	NaN	NaN	NaN	NaN	NaN	2.020	2.850	2.680	1.910	1.970	2.280	2.210	1.860	1.000	0.360	1.570	1.220	0.520	2.080	0.030	0.210	1.510	0.030	0.970	1.110	NaN	NaN	NaN	NaN	NaN	NaN	NaN	NaN	NaN	NaN	NaN	NaN	NaN	NaN	NaN	NaN	NaN	NaN	NaN	NaN	NaN	NaN	NaN	NaN	NaN	NaN	NaN	NaN	NaN	NaN	NaN	NaN	NaN	NaN	NaN	NaN	NaN	NaN	NaN	NaN	0.740	0.830	0.950	0.880	0.760	1.250	0.830	1.140	1.110	1.530	0.630	0.720	0.720	3.960	3.220	1.410	1.110	1.390	3.930	3.870	NaN	NaN	NaN	NaN	NaN	NaN	NaN	NaN	NaN	NaN	NaN	NaN	NaN	NaN	NaN	NaN	NaN	NaN	NaN	NaN	NaN	NaN	NaN	NaN
NaN	NaN	NaN	NaN	NaN	NaN	NaN	NaN	NaN	NaN	NaN	NaN	NaN	NaN	NaN	NaN	2.280	2.510	2.580	2.270	2.170	1.970	2.450	2.290	1.210	0.300	1.330	1.520	0.510	-0.290	0.230	0.280	0.980	0.200	0.940	1.260	1.860	NaN	NaN	NaN	NaN	NaN	NaN	NaN	NaN	NaN	NaN	NaN	NaN	NaN	NaN	NaN	NaN	NaN	NaN	NaN	NaN	NaN	NaN	NaN	NaN	NaN	NaN	NaN	NaN	NaN	NaN	NaN	NaN	NaN	NaN	NaN	NaN	NaN	NaN	NaN	0.840	0.770	0.840	1.070	0.900	1.060	0.680	1.100	0.970	1.720	0.610	0.740	0.500	2.460	4.600	0.800	1.380	0.840	3.840	2.420	3.600	NaN	NaN	NaN	NaN	NaN	NaN	NaN	NaN	NaN	NaN	NaN	NaN	NaN	NaN	NaN	NaN	NaN	NaN	NaN	NaN	NaN	NaN	NaN
NaN	NaN	NaN	NaN	NaN	NaN	NaN	NaN	NaN	NaN	NaN	NaN	NaN	NaN	NaN	NaN	2.270	2.710	2.730	2.260	1.860	2.400	2.420	2.170	1.270	0.440	1.060	1.450	0.580	-0.550	0.350	0.480	0.980	0.440	0.830	1.460	-0.360	NaN	NaN	NaN	NaN	NaN	NaN	NaN	NaN	NaN	NaN	NaN	NaN	NaN	NaN	NaN	NaN	NaN	NaN	NaN	NaN	NaN	NaN	NaN	NaN	NaN	NaN	NaN	NaN	NaN	NaN	NaN	NaN	NaN	NaN	NaN	NaN	NaN	NaN	NaN	1.150	0.730	0.750	1.200	1.260	1.330	1.050	1.110	0.950	1.850	0.590	0.730	0.450	3.050	2.880	0.940	1.570	0.690	2.310	2.010	1.600	NaN	NaN	NaN	NaN	NaN	NaN	NaN	NaN	NaN	NaN	NaN	NaN	NaN	NaN	NaN	NaN	NaN	NaN	NaN	NaN	NaN	NaN	NaN
NaN	NaN	NaN	NaN	NaN	NaN	NaN	NaN	NaN	NaN	NaN	NaN	NaN	NaN	NaN	NaN	2.160	2.890	2.720	2.200	2.200	2.140	2.680	2.660	1.310	0.580	1.120	1.470	1.000	-1.020	0.390	0.600	1.170	0.420	0.780	1.280	-0.390	4.650	NaN	NaN	NaN	NaN	NaN	NaN	NaN	NaN	NaN	NaN	NaN	NaN	NaN	NaN	NaN	NaN	NaN	NaN	NaN	NaN	NaN	NaN	NaN	NaN	NaN	NaN	NaN	NaN	NaN	NaN	NaN	NaN	NaN	NaN	NaN	NaN	NaN	NaN	1.230	0.810	0.930	1.040	1.260	1.590	1.360	1.070	1.410	1.770	0.520	0.630	0.530	2.820	1.460	1.180	1.610	0.620	2.060	3.140	3.220	6.090	NaN	NaN	NaN	NaN	NaN	NaN	NaN	NaN	NaN	NaN	NaN	NaN	NaN	NaN	NaN	NaN	NaN	NaN	NaN	NaN	NaN	NaN
NaN	NaN	NaN	NaN	NaN	NaN	NaN	NaN	NaN	NaN	NaN	NaN	NaN	NaN	NaN	NaN	2.330	2.710	3.020	2.640	1.930	2.120	2.220	2.060	1.120	0.770	1.390	1.930	1.250	-0.420	0.440	0.520	1.390	0.420	0.910	1.110	-0.900	4.200	NaN	NaN	NaN	NaN	NaN	NaN	NaN	NaN	NaN	NaN	NaN	NaN	NaN	NaN	NaN	NaN	NaN	NaN	NaN	NaN	NaN	NaN	NaN	NaN	NaN	NaN	NaN	NaN	NaN	NaN	NaN	NaN	NaN	NaN	NaN	NaN	NaN	NaN	1.210	0.900	1.050	1.030	1.250	1.590	1.580	0.960	1.650	1.550	0.510	0.640	0.640	1.390	0.990	1.380	1.520	0.680	2.140	4.070	4.290	5.850	NaN	NaN	NaN	NaN	NaN	NaN	NaN	NaN	NaN	NaN	NaN	NaN	NaN	NaN	NaN	NaN	NaN	NaN	NaN	NaN	NaN	NaN
NaN	NaN	NaN	NaN	NaN	NaN	NaN	NaN	NaN	NaN	NaN	NaN	NaN	NaN	NaN	NaN	2.000	3.330	2.990	2.120	2.190	2.580	2.410	2.520	0.830	0.830	1.400	2.130	1.430	0.100	0.520	0.360	1.430	0.250	0.910	1.480	-0.170	1.890	NaN	NaN	NaN	NaN	NaN	NaN	NaN	NaN	NaN	NaN	NaN	NaN	NaN	NaN	NaN	NaN	NaN	NaN	NaN	NaN	NaN	NaN	NaN	NaN	NaN	NaN	NaN	NaN	NaN	NaN	NaN	NaN	NaN	NaN	NaN	NaN	NaN	NaN	1.000	1.170	1.130	0.980	1.000	1.360	1.340	1.140	1.610	1.510	0.410	0.650	0.840	1.180	0.970	1.370	1.370	0.840	1.840	4.160	5.020	3.720	NaN	NaN	NaN	NaN	NaN	NaN	NaN	NaN	NaN	NaN	NaN	NaN	NaN	NaN	NaN	NaN	NaN	NaN	NaN	NaN	NaN	NaN
NaN	NaN	NaN	NaN	NaN	NaN	NaN	NaN	NaN	NaN	NaN	NaN	NaN	NaN	NaN	NaN	2.460	3.110	3.220	2.780	2.210	2.180	2.530	2.590	0.710	0.840	1.130	2.240	3.100	0.410	0.640	0.250	1.540	0.290	1.170	1.990	-0.050	-0.320	NaN	NaN	NaN	NaN	NaN	NaN	NaN	NaN	NaN	NaN	NaN	NaN	NaN	NaN	NaN	NaN	NaN	NaN	NaN	NaN	NaN	NaN	NaN	NaN	NaN	NaN	NaN	NaN	NaN	NaN	NaN	NaN	NaN	NaN	NaN	NaN	NaN	NaN	0.920	1.140	0.990	1.150	1.050	1.350	1.150	1.310	1.440	1.750	0.520	0.570	0.930	1.590	0.860	1.700	1.140	1.000	1.770	2.610	3.820	1.700	NaN	NaN	NaN	NaN	NaN	NaN	NaN	NaN	NaN	NaN	NaN	NaN	NaN	NaN	NaN	NaN	NaN	NaN	NaN	NaN	NaN	NaN
NaN	NaN	NaN	NaN	NaN	NaN	NaN	NaN	NaN	NaN	NaN	NaN	NaN	NaN	NaN	NaN	2.070	3.530	3.140	2.410	2.110	2.410	2.440	2.330	0.800	0.620	1.160	2.860	5.100	0.760	0.710	0.410	2.150	0.090	1.390	2.100	0.220	-0.300	NaN	NaN	NaN	NaN	NaN	NaN	NaN	NaN	NaN	NaN	NaN	NaN	NaN	NaN	NaN	NaN	NaN	NaN	NaN	NaN	NaN	NaN	NaN	NaN	NaN	NaN	NaN	NaN	NaN	NaN	NaN	NaN	NaN	NaN	NaN	NaN	NaN	NaN	1.310	1.130	0.770	1.280	1.300	1.630	1.260	1.400	1.680	1.810	1.060	1.490	1.080	2.820	0.790	0.960	1.260	1.950	1.490	2.400	3.370	2.220	NaN	NaN	NaN	NaN	NaN	NaN	NaN	NaN	NaN	NaN	NaN	NaN	NaN	NaN	NaN	NaN	NaN	NaN	NaN	NaN	NaN	NaN
NaN	NaN	NaN	NaN	NaN	NaN	NaN	NaN	NaN	NaN	NaN	NaN	NaN	NaN	NaN	NaN	2.150	3.130	3.410	2.640	2.570	2.230	2.710	2.800	0.920	0.600	1.290	2.940	5.680	0.550	0.620	0.650	2.000	0.750	1.380	2.100	0.510	-1.060	NaN	NaN	NaN	NaN	NaN	NaN	NaN	NaN	NaN	NaN	NaN	NaN	NaN	NaN	NaN	NaN	NaN	NaN	NaN	NaN	NaN	NaN	NaN	NaN	NaN	NaN	NaN	NaN	NaN	NaN	NaN	NaN	NaN	NaN	NaN	NaN	NaN	NaN	1.160	1.040	0.800	1.290	1.520	1.790	1.620	1.350	1.810	1.880	1.460	2.340	0.750	4.070	0.860	0.950	1.480	1.210	1.600	1.850	2.610	4.460	NaN	NaN	NaN	NaN	NaN	NaN	NaN	NaN	NaN	NaN	NaN	NaN	NaN	NaN	NaN	NaN	NaN	NaN	NaN	NaN	NaN	NaN
NaN	NaN	NaN	NaN	NaN	NaN	NaN	NaN	NaN	NaN	NaN	NaN	NaN	NaN	NaN	NaN	2.410	3.180	2.880	2.410	2.060	2.080	2.240	2.320	1.120	0.620	1.480	3.240	4.750	0.830	0.720	1.090	1.640	1.200	1.300	2.790	0.810	-0.110	NaN	NaN	NaN	NaN	NaN	NaN	NaN	NaN	NaN	NaN	NaN	NaN	NaN	NaN	NaN	NaN	NaN	NaN	NaN	NaN	NaN	NaN	NaN	NaN	NaN	NaN	NaN	NaN	NaN	NaN	NaN	NaN	NaN	NaN	NaN	NaN	NaN	NaN	1.770	0.930	0.930	1.190	1.450	1.760	1.770	1.210	1.730	1.760	1.230	4.160	0.620	3.870	0.960	0.610	1.480	0.760	1.660	1.470	2.590	2.730	NaN	NaN	NaN	NaN	NaN	NaN	NaN	NaN	NaN	NaN	NaN	NaN	NaN	NaN	NaN	NaN	NaN	NaN	NaN	NaN	NaN	NaN
NaN	NaN	NaN	NaN	NaN	NaN	NaN	NaN	NaN	NaN	NaN	NaN	NaN	NaN	NaN	NaN	1.950	3.010	3.030	2.080	1.990	2.330	2.260	2.560	1.150	0.530	1.340	2.600	4.690	1.630	1.210	0.560	1.700	0.810	1.660	3.310	0.980	-0.710	NaN	NaN	NaN	NaN	NaN	NaN	NaN	NaN	NaN	NaN	NaN	NaN	NaN	NaN	NaN	NaN	NaN	NaN	NaN	NaN	NaN	NaN	NaN	NaN	NaN	NaN	NaN	NaN	NaN	NaN	NaN	NaN	NaN	NaN	NaN	NaN	NaN	NaN	1.510	1.050	1.100	1.140	1.340	1.630	1.610	1.070	1.580	1.370	1.170	4.540	2.350	2.350	1.330	1.140	1.640	0.860	1.820	1.320	2.920	2.820	NaN	NaN	NaN	NaN	NaN	NaN	NaN	NaN	NaN	NaN	NaN	NaN	NaN	NaN	NaN	NaN	NaN	NaN	NaN	NaN	NaN	NaN
NaN	NaN	NaN	NaN	NaN	NaN	NaN	NaN	NaN	NaN	NaN	NaN	NaN	NaN	NaN	NaN	2.580	2.610	2.710	2.330	2.160	1.900	2.400	2.200	1.190	0.590	1.410	2.650	4.690	1.800	2.870	0.640	1.920	0.950	2.530	3.880	0.970	0.160	NaN	NaN	NaN	NaN	NaN	NaN	NaN	NaN	NaN	NaN	NaN	NaN	NaN	NaN	NaN	NaN	NaN	NaN	NaN	NaN	NaN	NaN	NaN	NaN	NaN	NaN	NaN	NaN	NaN	NaN	NaN	NaN	NaN	NaN	NaN	NaN	NaN	NaN	0.300	1.250	1.100	1.140	1.170	1.400	1.380	1.140	1.310	1.160	2.240	3.870	3.880	1.930	1.480	0.750	1.640	0.410	1.580	1.410	3.700	2.450	NaN	NaN	NaN	NaN	NaN	NaN	NaN	NaN	NaN	NaN	NaN	NaN	NaN	NaN	NaN	NaN	NaN	NaN	NaN	NaN	NaN	NaN
NaN	NaN	NaN	NaN	NaN	NaN	NaN	NaN	NaN	NaN	NaN	NaN	NaN	NaN	NaN	NaN	2.150	2.870	2.550	1.870	1.680	1.090	1.800	1.850	0.970	0.620	1.920	2.390	2.160	1.740	4.450	0.260	1.630	0.450	2.460	4.870	0.820	0.560	NaN	NaN	NaN	NaN	NaN	NaN	NaN	NaN	NaN	NaN	NaN	NaN	NaN	NaN	NaN	NaN	NaN	NaN	NaN	NaN	NaN	NaN	NaN	NaN	NaN	NaN	NaN	NaN	NaN	NaN	NaN	NaN	NaN	NaN	NaN	NaN	NaN	NaN	0.500	1.190	0.950	1.070	1.090	1.480	1.190	1.300	1.640	1.150	3.690	1.260	4.220	1.260	1.390	1.650	1.310	0.580	1.340	1.580	3.770	3.000	NaN	NaN	NaN	NaN	NaN	NaN	NaN	NaN	NaN	NaN	NaN	NaN	NaN	NaN	NaN	NaN	NaN	NaN	NaN	NaN	NaN	NaN
NaN	NaN	NaN	NaN	NaN	NaN	NaN	NaN	NaN	NaN	NaN	NaN	NaN	NaN	NaN	NaN	2.340	2.360	2.440	2.410	2.120	2.300	2.390	2.460	1.040	0.800	2.000	2.380	0.570	3.080	3.650	0.260	2.110	0.600	3.460	2.840	1.160	0.800	NaN	NaN	NaN	NaN	NaN	NaN	NaN	NaN	NaN	NaN	NaN	NaN	NaN	NaN	NaN	NaN	NaN	NaN	NaN	NaN	NaN	NaN	NaN	NaN	NaN	NaN	NaN	NaN	NaN	NaN	NaN	NaN	NaN	NaN	NaN	NaN	NaN	NaN	0.350	1.380	0.810	0.320	0.340	0.590	0.450	0.350	1.690	1.470	3.910	1.110	2.510	1.420	1.350	1.610	0.220	-0.020	1.120	1.550	3.700	2.680	NaN	NaN	NaN	NaN	NaN	NaN	NaN	NaN	NaN	NaN	NaN	NaN	NaN	NaN	NaN	NaN	NaN	NaN	NaN	NaN	NaN	NaN
NaN	NaN	NaN	NaN	NaN	NaN	NaN	NaN	NaN	NaN	NaN	NaN	NaN	NaN	NaN	NaN	2.250	1.990	1.810	2.000	1.780	1.830	2.000	2.030	0.940	0.800	1.260	2.300	0.000	2.580	1.550	0.590	1.730	0.330	2.880	0.870	2.200	0.710	NaN	NaN	NaN	NaN	NaN	NaN	NaN	NaN	NaN	NaN	NaN	NaN	NaN	NaN	NaN	NaN	NaN	NaN	NaN	NaN	NaN	NaN	NaN	NaN	NaN	NaN	NaN	NaN	NaN	NaN	NaN	NaN	NaN	NaN	NaN	NaN	NaN	NaN	2.220	1.270	0.710	-0.030	0.020	0.260	0.200	-0.080	1.370	1.280	0.980	0.820	4.010	1.590	0.860	1.510	-0.030	-0.190	1.130	1.100	2.030	2.400	NaN	NaN	NaN	NaN	NaN	NaN	NaN	NaN	NaN	NaN	NaN	NaN	NaN	NaN	NaN	NaN	NaN	NaN	NaN	NaN	NaN	NaN
NaN	NaN	NaN	NaN	NaN	NaN	NaN	NaN	NaN	NaN	NaN	NaN	NaN	NaN	NaN	NaN	1.330	1.980	1.590	1.200	0.790	0.730	0.830	0.770	1.000	0.760	1.020	1.490	-0.050	0.950	0.690	1.350	1.420	-0.060	0.830	0.520	3.240	0.620	NaN	NaN	NaN	NaN	NaN	NaN	NaN	NaN	NaN	NaN	NaN	NaN	NaN	NaN	NaN	NaN	NaN	NaN	NaN	NaN	NaN	NaN	NaN	NaN	NaN	NaN	NaN	NaN	NaN	NaN	NaN	NaN	NaN	NaN	NaN	NaN	NaN	NaN	4.170	0.960	1.140	1.020	1.090	1.720	1.300	1.070	1.090	1.320	0.620	0.750	4.180	2.040	0.600	0.190	0.060	-0.110	2.320	1.060	1.690	2.000	NaN	NaN	NaN	NaN	NaN	NaN	NaN	NaN	NaN	NaN	NaN	NaN	NaN	NaN	NaN	NaN	NaN	NaN	NaN	NaN	NaN	NaN
NaN	NaN	NaN	NaN	NaN	NaN	NaN	NaN	NaN	NaN	NaN	NaN	NaN	NaN	NaN	NaN	0.720	1.290	1.190	0.420	0.220	1.410	1.380	1.380	0.840	0.650	1.010	0.870	-0.130	0.180	0.440	0.730	1.160	0.840	0.700	0.420	2.560	0.580	NaN	NaN	NaN	NaN	NaN	NaN	NaN	NaN	NaN	NaN	NaN	NaN	NaN	NaN	NaN	NaN	NaN	NaN	NaN	NaN	NaN	NaN	NaN	NaN	NaN	NaN	NaN	NaN	NaN	NaN	NaN	NaN	NaN	NaN	NaN	NaN	NaN	NaN	-0.040	1.080	1.030	1.100	1.090	0.060	0.030	-0.060	0.530	1.190	0.440	0.800	-0.310	3.320	0.440	0.010	0.000	0.950	3.960	0.790	0.930	1.480	NaN	NaN	NaN	NaN	NaN	NaN	NaN	NaN	NaN	NaN	NaN	NaN	NaN	NaN	NaN	NaN	NaN	NaN	NaN	NaN	NaN	NaN
NaN	NaN	NaN	NaN	NaN	NaN	NaN	NaN	NaN	NaN	NaN	NaN	NaN	NaN	NaN	NaN	0.090	1.300	0.360	0.910	0.730	1.010	0.880	0.880	0.620	0.370	0.800	0.880	-0.090	0.160	0.410	0.690	0.090	0.700	0.730	0.600	1.360	0.570	NaN	NaN	NaN	NaN	NaN	NaN	NaN	NaN	NaN	NaN	NaN	NaN	NaN	NaN	NaN	NaN	NaN	NaN	NaN	NaN	NaN	NaN	NaN	NaN	NaN	NaN	NaN	NaN	NaN	NaN	NaN	NaN	NaN	NaN	NaN	NaN	NaN	NaN	0.070	-0.050	0.640	-0.380	-0.390	-0.280	-0.360	-0.390	0.270	0.980	0.400	1.080	-0.330	0.140	0.590	-0.110	1.370	0.490	-0.180	0.720	0.370	3.400	NaN	NaN	NaN	NaN	NaN	NaN	NaN	NaN	NaN	NaN	NaN	NaN	NaN	NaN	NaN	NaN	NaN	NaN	NaN	NaN	NaN	NaN
NaN	NaN	NaN	NaN	NaN	NaN	NaN	NaN	NaN	NaN	NaN	NaN	NaN	NaN	NaN	NaN	0.080	0.390	-0.010	-0.020	-0.100	0.140	0.000	0.040	0.160	0.230	0.670	0.080	-0.290	0.030	0.380	-0.060	-0.320	0.040	0.630	0.400	0.590	0.680	NaN	NaN	NaN	NaN	NaN	NaN	NaN	NaN	NaN	NaN	NaN	NaN	NaN	NaN	NaN	NaN	NaN	NaN	NaN	NaN	NaN	NaN	NaN	NaN	NaN	NaN	NaN	NaN	NaN	NaN	NaN	NaN	NaN	NaN	NaN	NaN	NaN	NaN	-0.550	0.840	0.120	0.090	-0.110	0.050	-0.190	0.050	0.250	0.610	0.120	0.790	-0.280	0.130	0.980	0.420	0.000	0.270	-0.180	0.710	0.480	0.060	NaN	NaN	NaN	NaN	NaN	NaN	NaN	NaN	NaN	NaN	NaN	NaN	NaN	NaN	NaN	NaN	NaN	NaN	NaN	NaN	NaN	NaN
NaN	NaN	NaN	NaN	NaN	NaN	NaN	NaN	NaN	NaN	NaN	NaN	NaN	NaN	NaN	NaN	0.220	0.340	0.180	-0.340	-0.320	-0.300	-0.200	-0.280	0.120	-0.030	0.380	-0.240	-0.140	0.270	0.400	-0.630	-0.240	-0.450	0.770	0.270	0.500	0.770	NaN	NaN	NaN	NaN	NaN	NaN	NaN	NaN	NaN	NaN	NaN	NaN	NaN	NaN	NaN	NaN	NaN	NaN	NaN	NaN	NaN	NaN	NaN	NaN	NaN	NaN	NaN	NaN	NaN	NaN	NaN	NaN	NaN	NaN	NaN	NaN	NaN	NaN	-0.510	0.260	0.440	0.690	0.520	0.560	0.240	0.610	0.330	0.330	-0.400	0.590	-0.140	0.150	0.070	1.200	-0.080	0.120	-0.060	0.940	0.720	0.140	NaN	NaN	NaN	NaN	NaN	NaN	NaN	NaN	NaN	NaN	NaN	NaN	NaN	NaN	NaN	NaN	NaN	NaN	NaN	NaN	NaN	NaN
NaN	NaN	NaN	NaN	NaN	NaN	NaN	NaN	NaN	NaN	NaN	NaN	NaN	NaN	NaN	NaN	0.160	-0.380	-0.170	-0.570	-0.570	-0.220	-0.320	-0.270	0.530	0.030	0.020	0.000	0.070	0.330	0.400	-0.440	-0.180	-0.740	0.840	0.480	0.550	0.980	NaN	NaN	NaN	NaN	NaN	NaN	NaN	NaN	NaN	NaN	NaN	NaN	NaN	NaN	NaN	NaN	NaN	NaN	NaN	NaN	NaN	NaN	NaN	NaN	NaN	NaN	NaN	NaN	NaN	NaN	NaN	NaN	NaN	NaN	NaN	NaN	NaN	NaN	-0.500	0.040	0.050	0.150	-0.040	0.080	-0.070	0.180	0.140	0.540	-0.280	0.230	-0.180	0.190	0.140	0.480	0.220	0.340	0.030	0.310	0.390	0.120	NaN	NaN	NaN	NaN	NaN	NaN	NaN	NaN	NaN	NaN	NaN	NaN	NaN	NaN	NaN	NaN	NaN	NaN	NaN	NaN	NaN	NaN
NaN	NaN	NaN	NaN	NaN	NaN	NaN	NaN	NaN	NaN	NaN	NaN	NaN	NaN	NaN	NaN	NaN	0.200	0.200	-0.080	-0.090	-0.030	0.040	-0.030	0.070	0.130	-0.430	0.320	0.040	0.100	0.020	0.050	-0.660	-0.190	0.660	0.140	0.070	0.830	NaN	NaN	NaN	NaN	NaN	NaN	NaN	NaN	NaN	NaN	NaN	NaN	NaN	NaN	NaN	NaN	NaN	NaN	NaN	NaN	NaN	NaN	NaN	NaN	NaN	NaN	NaN	NaN	NaN	NaN	NaN	NaN	NaN	NaN	NaN	NaN	NaN	NaN	NaN	-0.140	-0.190	0.210	-0.050	0.180	-0.300	0.270	0.110	0.810	0.050	0.500	-0.010	0.220	0.060	0.570	0.950	0.350	0.050	0.160	0.210	0.210	NaN	NaN	NaN	NaN	NaN	NaN	NaN	NaN	NaN	NaN	NaN	NaN	NaN	NaN	NaN	NaN	NaN	NaN	NaN	NaN	NaN	NaN
NaN	NaN	NaN	NaN	NaN	NaN	NaN	NaN	NaN	NaN	NaN	NaN	NaN	NaN	NaN	NaN	NaN	-0.320	-0.210	-0.980	-0.780	-0.450	-1.030	-0.510	0.000	0.390	0.440	0.410	0.450	0.620	0.460	0.400	0.260	0.260	0.500	0.590	0.530	0.980	NaN	NaN	NaN	NaN	NaN	NaN	NaN	NaN	NaN	NaN	NaN	NaN	NaN	NaN	NaN	NaN	NaN	NaN	NaN	NaN	NaN	NaN	NaN	NaN	NaN	NaN	NaN	NaN	NaN	NaN	NaN	NaN	NaN	NaN	NaN	NaN	NaN	NaN	NaN	0.830	0.020	1.110	1.120	1.170	0.580	1.210	0.320	0.690	-1.010	0.530	-0.600	-0.460	-0.100	-0.100	-0.280	-0.230	-0.540	-0.180	-0.100	-0.480	NaN	NaN	NaN	NaN	NaN	NaN	NaN	NaN	NaN	NaN	NaN	NaN	NaN	NaN	NaN	NaN	NaN	NaN	NaN	NaN	NaN	NaN
NaN	NaN	NaN	NaN	NaN	NaN	NaN	NaN	NaN	NaN	NaN	NaN	NaN	NaN	NaN	NaN	NaN	0.560	-0.140	0.200	0.180	0.230	0.130	0.160	0.290	0.390	0.360	-0.150	-3.220	NaN	NaN	0.450	0.330	0.390	NaN	NaN	NaN	NaN	NaN	NaN	NaN	NaN	NaN	NaN	NaN	NaN	NaN	NaN	NaN	NaN	NaN	NaN	NaN	NaN	NaN	NaN	NaN	NaN	NaN	NaN	NaN	NaN	NaN	NaN	NaN	NaN	NaN	NaN	NaN	NaN	NaN	NaN	NaN	NaN	NaN	NaN	NaN	-0.660	-0.330	-0.700	-0.660	-0.310	-0.690	-0.470	0.160	0.150	-1.740	0.320	2.950	NaN	NaN	-0.280	-0.850	-0.540	NaN	NaN	NaN	NaN	NaN	NaN	NaN	NaN	NaN	NaN	NaN	NaN	NaN	NaN	NaN	NaN	NaN	NaN	NaN	NaN	NaN	NaN	NaN	NaN	NaN	NaN
NaN	NaN	NaN	NaN	NaN	NaN	NaN	NaN	NaN	NaN	NaN	NaN	NaN	NaN	NaN	NaN	NaN	NaN	NaN	NaN	NaN	NaN	NaN	NaN	NaN	NaN	NaN	NaN	NaN	NaN	NaN	NaN	NaN	NaN	NaN	NaN	NaN	NaN	NaN	NaN	NaN	NaN	NaN	NaN	NaN	NaN	NaN	NaN	NaN	NaN	NaN	NaN	NaN	NaN	NaN	NaN	NaN	NaN	NaN	NaN	NaN	NaN	NaN	NaN	NaN	NaN	NaN	NaN	NaN	NaN	NaN	NaN	NaN	NaN	NaN	NaN	NaN	NaN	NaN	NaN	NaN	NaN	NaN	NaN	NaN	NaN	NaN	NaN	NaN	NaN	NaN	NaN	NaN	NaN	NaN	NaN	NaN	NaN	NaN	NaN	NaN	NaN	NaN	NaN	NaN	NaN	NaN	NaN	NaN	NaN	NaN	NaN	NaN	NaN	NaN	NaN	NaN	NaN	NaN	NaN
NaN	NaN	NaN	NaN	NaN	NaN	NaN	NaN	NaN	NaN	NaN	NaN	NaN	NaN	NaN	NaN	-0.250	-0.190	-0.500	-0.370	-1.030	-0.850	-0.910	-0.640	-0.750	-0.680	-0.470	-0.240	-0.460	0.330	0.120	0.190	-0.410	-0.670	-0.310	0.090	-0.130	-0.220	NaN	NaN	NaN	NaN	NaN	NaN	NaN	NaN	NaN	NaN	NaN	NaN	NaN	NaN	NaN	NaN	NaN	NaN	NaN	NaN	NaN	NaN	NaN	NaN	NaN	NaN	NaN	NaN	NaN	NaN	NaN	NaN	NaN	NaN	NaN	NaN	NaN	NaN	-0.430	0.200	-0.160	0.240	-0.450	-0.190	-0.560	-0.060	-0.650	-0.270	0.220	0.440	0.350	0.200	0.800	0.700	0.650	-0.540	0.820	0.700	0.830	0.610	NaN	NaN	NaN	NaN	NaN	NaN	NaN	NaN	NaN	NaN	NaN	NaN	NaN	NaN	NaN	NaN	NaN	NaN	NaN	NaN	NaN	NaN
NaN	NaN	NaN	NaN	NaN	NaN	NaN	NaN	NaN	NaN	NaN	NaN	NaN	NaN	NaN	NaN	-0.580	-0.630	-1.190	-0.610	-0.750	-0.360	-0.480	-0.580	-0.750	-0.590	-1.120	-0.690	-0.590	0.260	-0.180	-0.140	-0.750	-0.120	-0.860	-0.700	-0.650	NaN	NaN	NaN	NaN	NaN	NaN	NaN	NaN	NaN	NaN	NaN	NaN	NaN	NaN	NaN	NaN	NaN	NaN	NaN	NaN	NaN	NaN	NaN	NaN	NaN	NaN	NaN	NaN	NaN	NaN	NaN	NaN	NaN	NaN	NaN	NaN	NaN	NaN	NaN	-0.760	-0.340	0.990	0.290	-0.390	-0.250	-0.510	-0.300	0.000	-0.280	-0.630	-0.410	-0.570	-0.590	-0.340	-0.210	0.080	-0.330	0.120	0.240	-0.010	NaN	NaN	NaN	NaN	NaN	NaN	NaN	NaN	NaN	NaN	NaN	NaN	NaN	NaN	NaN	NaN	NaN	NaN	NaN	NaN	NaN	NaN	NaN
NaN	NaN	NaN	NaN	NaN	NaN	NaN	NaN	NaN	NaN	NaN	NaN	NaN	NaN	NaN	NaN	-0.020	-0.660	-0.580	-0.330	-0.790	-0.460	-0.670	0.000	0.170	0.030	-0.260	-0.350	-0.360	-0.250	-0.370	-0.330	-0.810	-0.430	-0.560	-1.320	-1.490	NaN	NaN	NaN	NaN	NaN	NaN	NaN	NaN	NaN	NaN	NaN	NaN	NaN	NaN	NaN	NaN	NaN	NaN	NaN	NaN	NaN	NaN	NaN	NaN	NaN	NaN	NaN	NaN	NaN	NaN	NaN	NaN	NaN	NaN	NaN	NaN	NaN	NaN	NaN	-0.720	-0.430	0.000	0.400	-0.530	0.160	-0.020	-0.120	-0.550	0.120	-0.350	-0.270	-0.330	0.960	-0.440	-0.020	-0.430	0.400	0.280	-0.180	1.450	NaN	NaN	NaN	NaN	NaN	NaN	NaN	NaN	NaN	NaN	NaN	NaN	NaN	NaN	NaN	NaN	NaN	NaN	NaN	NaN	NaN	NaN	NaN
NaN	NaN	NaN	NaN	NaN	NaN	NaN	NaN	NaN	NaN	NaN	NaN	NaN	NaN	NaN	NaN	-0.880	0.270	-0.650	-0.340	-0.450	-0.280	-0.510	-0.350	0.280	-0.360	-0.810	-0.250	0.350	0.110	-0.390	-0.500	-0.850	-0.290	-0.280	-0.240	-0.170	-0.380	NaN	NaN	NaN	NaN	NaN	NaN	NaN	NaN	NaN	NaN	NaN	NaN	NaN	NaN	NaN	NaN	NaN	NaN	NaN	NaN	NaN	NaN	NaN	NaN	NaN	NaN	NaN	NaN	NaN	NaN	NaN	NaN	NaN	NaN	NaN	NaN	NaN	NaN	0.060	-0.020	-0.300	0.230	-0.600	0.310	0.210	0.010	-0.390	0.160	0.490	0.270	0.640	-0.320	0.130	0.200	0.000	-0.140	-0.110	0.630	-0.170	1.190	NaN	NaN	NaN	NaN	NaN	NaN	NaN	NaN	NaN	NaN	NaN	NaN	NaN	NaN	NaN	NaN	NaN	NaN	NaN	NaN	NaN	NaN
NaN	NaN	NaN	NaN	NaN	NaN	NaN	NaN	NaN	NaN	NaN	NaN	NaN	NaN	NaN	NaN	-0.020	0.330	-0.080	0.210	-0.500	0.290	0.140	-0.020	0.570	-0.210	-0.530	-0.010	0.240	-0.070	-0.190	-0.400	-0.660	-0.310	-0.210	-0.620	-0.470	-0.720	NaN	NaN	NaN	NaN	NaN	NaN	NaN	NaN	NaN	NaN	NaN	NaN	NaN	NaN	NaN	NaN	NaN	NaN	NaN	NaN	NaN	NaN	NaN	NaN	NaN	NaN	NaN	NaN	NaN	NaN	NaN	NaN	NaN	NaN	NaN	NaN	NaN	NaN	-0.190	0.070	-0.040	0.570	-0.030	0.530	0.360	0.240	-0.480	0.770	0.190	0.460	0.460	-0.040	0.810	0.360	0.080	0.200	0.400	0.260	0.190	0.170	NaN	NaN	NaN	NaN	NaN	NaN	NaN	NaN	NaN	NaN	NaN	NaN	NaN	NaN	NaN	NaN	NaN	NaN	NaN	NaN	NaN	NaN
NaN	NaN	NaN	NaN	NaN	NaN	NaN	NaN	NaN	NaN	NaN	NaN	NaN	NaN	NaN	NaN	-0.470	0.190	-0.570	-0.180	-0.390	-0.090	-0.210	0.400	0.460	-0.040	-0.400	-0.070	0.110	0.380	-0.110	-0.270	0.210	-0.440	-0.150	-1.030	-0.690	-0.300	NaN	NaN	NaN	NaN	NaN	NaN	NaN	NaN	NaN	NaN	NaN	NaN	NaN	NaN	NaN	NaN	NaN	NaN	NaN	NaN	NaN	NaN	NaN	NaN	NaN	NaN	NaN	NaN	NaN	NaN	NaN	NaN	NaN	NaN	NaN	NaN	NaN	NaN	-0.060	0.050	-0.030	0.470	0.010	0.670	0.370	0.140	0.020	0.630	0.630	0.180	0.140	0.280	0.500	0.190	0.720	0.520	0.200	2.080	0.030	0.360	NaN	NaN	NaN	NaN	NaN	NaN	NaN	NaN	NaN	NaN	NaN	NaN	NaN	NaN	NaN	NaN	NaN	NaN	NaN	NaN	NaN	NaN
NaN	NaN	NaN	NaN	NaN	NaN	NaN	NaN	NaN	NaN	NaN	NaN	NaN	NaN	NaN	NaN	0.030	0.480	-0.340	-0.110	0.050	-0.410	0.230	0.190	0.160	0.280	-0.480	0.110	0.110	0.250	0.000	-0.210	0.350	-0.440	0.240	-0.140	-0.430	0.430	NaN	NaN	NaN	NaN	NaN	NaN	NaN	NaN	NaN	NaN	NaN	NaN	NaN	NaN	NaN	NaN	NaN	NaN	NaN	NaN	NaN	NaN	NaN	NaN	NaN	NaN	NaN	NaN	NaN	NaN	NaN	NaN	NaN	NaN	NaN	NaN	NaN	NaN	0.560	-0.060	-0.110	0.480	-0.160	0.840	0.220	0.330	-0.400	0.270	0.150	-0.090	0.590	-0.090	0.150	-0.060	0.110	0.420	-0.120	0.380	0.290	0.800	NaN	NaN	NaN	NaN	NaN	NaN	NaN	NaN	NaN	NaN	NaN	NaN	NaN	NaN	NaN	NaN	NaN	NaN	NaN	NaN	NaN	NaN
NaN	NaN	NaN	NaN	NaN	NaN	NaN	NaN	NaN	NaN	NaN	NaN	NaN	NaN	NaN	NaN	-0.330	0.140	-0.050	0.200	-0.350	-0.010	0.040	0.100	0.120	0.160	-0.310	-0.010	-1.020	0.190	0.060	-0.160	0.360	-0.170	0.090	-0.450	-0.450	0.450	NaN	NaN	NaN	NaN	NaN	NaN	NaN	NaN	NaN	NaN	NaN	NaN	NaN	NaN	NaN	NaN	NaN	NaN	NaN	NaN	NaN	NaN	NaN	NaN	NaN	NaN	NaN	NaN	NaN	NaN	NaN	NaN	NaN	NaN	NaN	NaN	NaN	NaN	-0.510	-0.050	-0.130	0.230	-0.330	0.390	0.170	0.480	-0.150	0.540	0.330	-0.050	-0.210	0.250	0.700	-0.190	-0.150	0.230	0.160	0.450	-0.060	0.490	NaN	NaN	NaN	NaN	NaN	NaN	NaN	NaN	NaN	NaN	NaN	NaN	NaN	NaN	NaN	NaN	NaN	NaN	NaN	NaN	NaN	NaN
NaN	NaN	NaN	NaN	NaN	NaN	NaN	NaN	NaN	NaN	NaN	NaN	NaN	NaN	NaN	NaN	0.340	0.720	-0.220	-0.090	-0.120	-0.050	0.100	0.620	0.430	0.060	0.110	0.060	0.330	0.020	0.250	-0.050	0.190	0.240	0.020	-0.180	0.230	0.520	NaN	NaN	NaN	NaN	NaN	NaN	NaN	NaN	NaN	NaN	NaN	NaN	NaN	NaN	NaN	NaN	NaN	NaN	NaN	NaN	NaN	NaN	NaN	NaN	NaN	NaN	NaN	NaN	NaN	NaN	NaN	NaN	NaN	NaN	NaN	NaN	NaN	NaN	-0.340	-0.280	-0.090	0.720	0.200	0.680	0.250	0.790	0.130	0.780	0.590	0.150	0.530	0.490	0.510	0.190	0.410	0.570	0.520	0.550	0.540	0.900	NaN	NaN	NaN	NaN	NaN	NaN	NaN	NaN	NaN	NaN	NaN	NaN	NaN	NaN	NaN	NaN	NaN	NaN	NaN	NaN	NaN	NaN
NaN	NaN	NaN	NaN	NaN	NaN	NaN	NaN	NaN	NaN	NaN	NaN	NaN	NaN	NaN	NaN	0.210	0.440	-0.070	0.320	0.150	0.380	0.330	0.770	0.680	0.510	0.280	0.250	0.360	-0.160	0.410	0.130	0.200	0.510	-0.360	-0.410	0.100	0.590	NaN	NaN	NaN	NaN	NaN	NaN	NaN	NaN	NaN	NaN	NaN	NaN	NaN	NaN	NaN	NaN	NaN	NaN	NaN	NaN	NaN	NaN	NaN	NaN	NaN	NaN	NaN	NaN	NaN	NaN	NaN	NaN	NaN	NaN	NaN	NaN	NaN	NaN	0.110	-0.060	-0.330	0.740	-0.080	0.540	0.430	0.520	-0.210	0.600	0.350	0.010	0.740	0.070	0.650	0.950	0.170	0.670	0.430	0.670	0.440	0.800	NaN	NaN	NaN	NaN	NaN	NaN	NaN	NaN	NaN	NaN	NaN	NaN	NaN	NaN	NaN	NaN	NaN	NaN	NaN	NaN	NaN	NaN
NaN	NaN	NaN	NaN	NaN	NaN	NaN	NaN	NaN	NaN	NaN	NaN	NaN	NaN	NaN	NaN	-0.210	0.590	0.230	0.100	-0.360	0.060	-0.060	0.800	0.380	0.300	0.440	0.580	-0.100	-0.360	0.440	0.050	-0.150	0.440	-0.330	-0.430	-0.080	0.500	NaN	NaN	NaN	NaN	NaN	NaN	NaN	NaN	NaN	NaN	NaN	NaN	NaN	NaN	NaN	NaN	NaN	NaN	NaN	NaN	NaN	NaN	NaN	NaN	NaN	NaN	NaN	NaN	NaN	NaN	NaN	NaN	NaN	NaN	NaN	NaN	NaN	NaN	-0.140	-0.530	0.000	0.410	-0.230	0.790	0.460	0.940	-0.120	0.540	0.050	0.450	0.810	-0.040	0.220	1.390	0.710	0.720	0.530	0.930	0.260	0.930	NaN	NaN	NaN	NaN	NaN	NaN	NaN	NaN	NaN	NaN	NaN	NaN	NaN	NaN	NaN	NaN	NaN	NaN	NaN	NaN	NaN	NaN
NaN	NaN	NaN	NaN	NaN	NaN	NaN	NaN	NaN	NaN	NaN	NaN	NaN	NaN	NaN	NaN	NaN	0.110	0.180	0.470	0.210	0.420	0.290	0.680	0.360	0.220	0.250	0.790	-0.130	-0.200	0.510	0.770	0.090	0.240	-0.260	-0.180	-0.080	0.140	NaN	NaN	NaN	NaN	NaN	NaN	NaN	NaN	NaN	NaN	NaN	NaN	NaN	NaN	NaN	NaN	NaN	NaN	NaN	NaN	NaN	NaN	NaN	NaN	NaN	NaN	NaN	NaN	NaN	NaN	NaN	NaN	NaN	NaN	NaN	NaN	NaN	NaN	NaN	-0.190	-0.510	0.650	-0.120	0.940	0.160	0.320	0.060	1.260	-0.070	0.450	0.560	0.470	0.530	1.120	0.540	0.590	0.360	0.600	0.290	0.490	NaN	NaN	NaN	NaN	NaN	NaN	NaN	NaN	NaN	NaN	NaN	NaN	NaN	NaN	NaN	NaN	NaN	NaN	NaN	NaN	NaN	NaN
NaN	NaN	NaN	NaN	NaN	NaN	NaN	NaN	NaN	NaN	NaN	NaN	NaN	NaN	NaN	NaN	-0.200	0.720	1.060	0.930	0.480	0.770	0.540	0.910	0.660	0.760	0.330	1.250	-0.070	0.070	1.020	0.990	0.580	0.440	-0.140	-0.080	0.400	0.640	NaN	NaN	NaN	NaN	NaN	NaN	NaN	NaN	NaN	NaN	NaN	NaN	NaN	NaN	NaN	NaN	NaN	NaN	NaN	NaN	NaN	NaN	NaN	NaN	NaN	NaN	NaN	NaN	NaN	NaN	NaN	NaN	NaN	NaN	NaN	NaN	NaN	NaN	0.420	0.040	-0.020	1.180	0.430	1.230	0.620	0.840	0.310	1.110	0.480	0.440	0.600	0.540	0.810	1.040	0.430	1.010	0.790	1.100	0.840	0.860	NaN	NaN	NaN	NaN	NaN	NaN	NaN	NaN	NaN	NaN	NaN	NaN	NaN	NaN	NaN	NaN	NaN	NaN	NaN	NaN	NaN	NaN
NaN	NaN	NaN	NaN	NaN	NaN	NaN	NaN	NaN	NaN	NaN	NaN	NaN	NaN	NaN	NaN	0.370	0.570	1.190	1.000	0.510	0.650	0.370	0.840	1.410	1.010	0.300	0.910	-0.120	0.250	0.570	0.740	0.360	0.840	0.240	0.010	-0.270	0.660	NaN	NaN	NaN	NaN	NaN	NaN	NaN	NaN	NaN	NaN	NaN	NaN	NaN	NaN	NaN	NaN	NaN	NaN	NaN	NaN	NaN	NaN	NaN	NaN	NaN	NaN	NaN	NaN	NaN	NaN	NaN	NaN	NaN	NaN	NaN	NaN	NaN	NaN	0.980	-0.010	-0.220	0.820	0.200	1.120	1.030	0.570	0.440	0.960	0.420	1.120	0.900	0.200	0.380	1.410	0.790	1.020	0.860	0.570	0.760	0.930	NaN	NaN	NaN	NaN	NaN	NaN	NaN	NaN	NaN	NaN	NaN	NaN	NaN	NaN	NaN	NaN	NaN	NaN	NaN	NaN	NaN	NaN
NaN	NaN	NaN	NaN	NaN	NaN	NaN	NaN	NaN	NaN	NaN	NaN	NaN	NaN	NaN	NaN	NaN	0.340	0.770	0.890	0.510	0.630	0.440	0.560	1.110	1.050	0.310	0.800	-0.090	0.320	0.620	0.600	0.220	0.950	0.500	0.210	-0.350	1.040	NaN	NaN	NaN	NaN	NaN	NaN	NaN	NaN	NaN	NaN	NaN	NaN	NaN	NaN	NaN	NaN	NaN	NaN	NaN	NaN	NaN	NaN	NaN	NaN	NaN	NaN	NaN	NaN	NaN	NaN	NaN	NaN	NaN	NaN	NaN	NaN	NaN	NaN	NaN	0.040	-0.260	0.770	0.290	1.060	0.980	0.980	0.570	0.830	0.990	0.910	0.850	0.170	0.770	1.430	0.490	0.850	0.680	1.010	0.680	0.910	NaN	NaN	NaN	NaN	NaN	NaN	NaN	NaN	NaN	NaN	NaN	NaN	NaN	NaN	NaN	NaN	NaN	NaN	NaN	NaN	NaN	NaN
NaN	NaN	NaN	NaN	NaN	NaN	NaN	NaN	NaN	NaN	NaN	NaN	NaN	NaN	NaN	NaN	NaN	0.090	0.510	0.870	0.480	0.820	0.360	0.690	0.520	0.550	0.280	0.570	-0.140	0.290	0.300	0.700	0.240	1.010	0.650	0.370	-0.300	1.000	NaN	NaN	NaN	NaN	NaN	NaN	NaN	NaN	NaN	NaN	NaN	NaN	NaN	NaN	NaN	NaN	NaN	NaN	NaN	NaN	NaN	NaN	NaN	NaN	NaN	NaN	NaN	NaN	NaN	NaN	NaN	NaN	NaN	NaN	NaN	NaN	NaN	NaN	NaN	-0.100	0.100	0.740	0.340	0.780	0.830	0.780	0.830	1.090	1.140	0.710	0.850	0.420	0.870	1.030	0.790	0.800	0.610	0.650	0.620	0.950	NaN	NaN	NaN	NaN	NaN	NaN	NaN	NaN	NaN	NaN	NaN	NaN	NaN	NaN	NaN	NaN	NaN	NaN	NaN	NaN	NaN	NaN
NaN	NaN	NaN	NaN	NaN	NaN	NaN	NaN	NaN	NaN	NaN	NaN	NaN	NaN	NaN	NaN	0.270	0.240	0.430	0.920	0.570	1.040	0.610	0.550	0.980	0.050	0.240	0.140	0.000	0.330	0.210	0.130	0.420	0.440	0.600	0.520	-0.130	1.020	NaN	NaN	NaN	NaN	NaN	NaN	NaN	NaN	NaN	NaN	NaN	NaN	NaN	NaN	NaN	NaN	NaN	NaN	NaN	NaN	NaN	NaN	NaN	NaN	NaN	NaN	NaN	NaN	NaN	NaN	NaN	NaN	NaN	NaN	NaN	NaN	NaN	NaN	0.480	1.220	-0.250	0.880	0.200	0.660	0.570	1.240	0.380	1.100	1.060	0.980	0.560	0.520	0.660	0.840	0.440	0.750	0.820	0.980	0.610	1.060	NaN	NaN	NaN	NaN	NaN	NaN	NaN	NaN	NaN	NaN	NaN	NaN	NaN	NaN	NaN	NaN	NaN	NaN	NaN	NaN	NaN	NaN
NaN	NaN	NaN	NaN	NaN	NaN	NaN	NaN	NaN	NaN	NaN	NaN	NaN	NaN	NaN	NaN	0.760	NaN	0.390	1.130	0.960	1.420	1.080	0.860	1.570	0.790	0.320	0.620	0.290	0.700	0.460	0.100	0.670	0.520	1.370	0.610	0.280	1.380	NaN	NaN	NaN	NaN	NaN	NaN	NaN	NaN	NaN	NaN	NaN	NaN	NaN	NaN	NaN	NaN	NaN	NaN	NaN	NaN	NaN	NaN	NaN	NaN	NaN	NaN	NaN	NaN	NaN	NaN	NaN	NaN	NaN	NaN	NaN	NaN	NaN	NaN	1.170	NaN	0.110	1.430	0.730	1.030	0.930	1.810	-0.490	1.650	1.350	1.500	0.920	0.620	0.730	1.370	0.570	1.150	1.080	0.780	1.100	1.200	NaN	NaN	NaN	NaN	NaN	NaN	NaN	NaN	NaN	NaN	NaN	NaN	NaN	NaN	NaN	NaN	NaN	NaN	NaN	NaN	NaN	NaN
NaN	NaN	NaN	NaN	NaN	NaN	NaN	NaN	NaN	NaN	NaN	NaN	NaN	NaN	NaN	NaN	NaN	-0.180	0.730	1.140	0.880	1.310	1.120	1.030	0.750	1.220	0.520	0.430	0.430	0.910	0.670	0.140	0.680	1.020	1.720	0.550	0.270	1.200	NaN	NaN	NaN	NaN	NaN	NaN	NaN	NaN	NaN	NaN	NaN	NaN	NaN	NaN	NaN	NaN	NaN	NaN	NaN	NaN	NaN	NaN	NaN	NaN	NaN	NaN	NaN	NaN	NaN	NaN	NaN	NaN	NaN	NaN	NaN	NaN	NaN	NaN	NaN	0.770	0.000	1.470	0.650	1.260	1.080	1.840	0.790	1.520	1.120	1.400	0.810	0.520	1.250	1.500	0.950	1.010	1.030	1.180	1.120	1.200	NaN	NaN	NaN	NaN	NaN	NaN	NaN	NaN	NaN	NaN	NaN	NaN	NaN	NaN	NaN	NaN	NaN	NaN	NaN	NaN	NaN	NaN
NaN	NaN	NaN	NaN	NaN	NaN	NaN	NaN	NaN	NaN	NaN	NaN	NaN	NaN	NaN	NaN	NaN	0.110	0.660	1.160	1.000	1.190	1.300	1.180	0.670	1.400	0.600	1.120	0.750	1.070	0.530	0.190	0.770	0.860	1.530	0.700	0.160	0.190	NaN	NaN	NaN	NaN	NaN	NaN	NaN	NaN	NaN	NaN	NaN	NaN	NaN	NaN	NaN	NaN	NaN	NaN	NaN	NaN	NaN	NaN	NaN	NaN	NaN	NaN	NaN	NaN	NaN	NaN	NaN	NaN	NaN	NaN	NaN	NaN	NaN	NaN	NaN	0.960	-0.220	1.620	0.130	1.410	1.200	1.690	1.280	1.200	0.880	1.420	0.940	0.690	0.930	1.170	0.580	0.950	1.000	0.620	0.970	1.310	NaN	NaN	NaN	NaN	NaN	NaN	NaN	NaN	NaN	NaN	NaN	NaN	NaN	NaN	NaN	NaN	NaN	NaN	NaN	NaN	NaN	NaN
NaN	NaN	NaN	NaN	NaN	NaN	NaN	NaN	NaN	NaN	NaN	NaN	NaN	NaN	NaN	NaN	0.580	0.370	0.540	1.190	0.600	1.190	1.270	1.220	1.440	0.880	0.490	1.190	1.480	0.770	0.240	0.220	1.020	0.650	1.270	0.640	0.170	0.200	1.290	NaN	NaN	NaN	NaN	NaN	NaN	NaN	NaN	NaN	NaN	NaN	NaN	NaN	NaN	NaN	NaN	NaN	NaN	NaN	NaN	NaN	NaN	NaN	NaN	NaN	NaN	NaN	NaN	NaN	NaN	NaN	NaN	NaN	NaN	NaN	NaN	NaN	0.860	0.960	1.020	1.580	0.250	1.360	1.340	1.610	2.900	1.180	1.080	1.060	1.060	0.670	0.720	0.860	0.910	1.060	0.990	0.930	0.870	1.430	0.560	NaN	NaN	NaN	NaN	NaN	NaN	NaN	NaN	NaN	NaN	NaN	NaN	NaN	NaN	NaN	NaN	NaN	NaN	NaN	NaN	NaN
NaN	NaN	NaN	NaN	NaN	NaN	NaN	NaN	NaN	NaN	NaN	NaN	NaN	NaN	NaN	NaN	1.140	0.680	1.350	0.860	0.430	1.360	1.530	1.220	0.610	-0.200	1.720	1.360	1.750	0.970	0.230	0.370	0.690	1.200	1.800	1.060	0.590	0.280	2.250	NaN	NaN	NaN	NaN	NaN	NaN	NaN	NaN	NaN	NaN	NaN	NaN	NaN	NaN	NaN	NaN	NaN	NaN	NaN	NaN	NaN	NaN	NaN	NaN	NaN	NaN	NaN	NaN	NaN	NaN	NaN	NaN	NaN	NaN	NaN	NaN	NaN	1.590	1.300	2.130	1.590	0.270	1.040	1.640	1.340	2.200	1.700	1.310	1.370	1.430	0.790	1.260	1.410	1.330	1.410	1.410	0.850	1.300	1.600	-16.810	NaN	NaN	NaN	NaN	NaN	NaN	NaN	NaN	NaN	NaN	NaN	NaN	NaN	NaN	NaN	NaN	NaN	NaN	NaN	NaN	NaN
NaN	NaN	NaN	NaN	NaN	NaN	NaN	NaN	NaN	NaN	NaN	NaN	NaN	NaN	NaN	NaN	NaN	0.770	1.380	0.130	0.530	1.160	1.220	0.150	-0.160	0.290	1.570	1.100	1.450	1.000	0.450	0.500	0.880	0.850	1.700	0.880	0.730	0.630	1.340	NaN	NaN	NaN	NaN	NaN	NaN	NaN	NaN	NaN	NaN	NaN	NaN	NaN	NaN	NaN	NaN	NaN	NaN	NaN	NaN	NaN	NaN	NaN	NaN	NaN	NaN	NaN	NaN	NaN	NaN	NaN	NaN	NaN	NaN	NaN	NaN	NaN	NaN	1.500	2.250	0.890	0.340	1.020	0.630	1.330	2.600	1.720	1.480	1.530	1.410	0.690	1.390	1.670	0.900	1.330	1.370	1.260	1.230	1.750	1.840	NaN	NaN	NaN	NaN	NaN	NaN	NaN	NaN	NaN	NaN	NaN	NaN	NaN	NaN	NaN	NaN	NaN	NaN	NaN	NaN	NaN
NaN	NaN	NaN	NaN	NaN	NaN	NaN	NaN	NaN	NaN	NaN	NaN	NaN	NaN	NaN	NaN	0.380	1.010	1.290	0.310	0.410	0.460	0.610	0.240	-0.790	0.510	1.580	1.090	1.480	1.450	0.460	0.660	0.520	1.170	1.550	1.000	1.380	0.540	0.150	NaN	NaN	NaN	NaN	NaN	NaN	NaN	NaN	NaN	NaN	NaN	NaN	NaN	NaN	NaN	NaN	NaN	NaN	NaN	NaN	NaN	NaN	NaN	NaN	NaN	NaN	NaN	NaN	NaN	NaN	NaN	NaN	NaN	NaN	NaN	NaN	NaN	0.830	1.700	2.290	0.660	-0.010	1.660	0.840	1.990	2.730	1.780	1.470	1.910	1.340	0.820	1.060	1.460	1.260	1.480	1.250	1.090	0.800	1.630	1.290	NaN	NaN	NaN	NaN	NaN	NaN	NaN	NaN	NaN	NaN	NaN	NaN	NaN	NaN	NaN	NaN	NaN	NaN	NaN	NaN	NaN
NaN	NaN	NaN	NaN	NaN	NaN	NaN	NaN	NaN	NaN	NaN	NaN	NaN	NaN	NaN	NaN	0.810	1.210	1.290	0.640	0.480	0.820	0.310	0.190	0.070	0.440	1.610	1.160	1.570	1.370	0.980	0.810	0.600	1.240	1.430	1.340	0.810	0.340	-0.280	NaN	NaN	NaN	NaN	NaN	NaN	NaN	NaN	NaN	NaN	NaN	NaN	NaN	NaN	NaN	NaN	NaN	NaN	NaN	NaN	NaN	NaN	NaN	NaN	NaN	NaN	NaN	NaN	NaN	NaN	NaN	NaN	NaN	NaN	NaN	NaN	NaN	1.200	1.960	2.290	0.670	-0.040	1.010	0.580	1.820	2.890	2.330	1.520	1.770	1.070	1.010	1.280	1.340	0.880	1.680	1.380	1.350	-0.080	0.010	1.220	NaN	NaN	NaN	NaN	NaN	NaN	NaN	NaN	NaN	NaN	NaN	NaN	NaN	NaN	NaN	NaN	NaN	NaN	NaN	NaN	NaN
NaN	NaN	NaN	NaN	NaN	NaN	NaN	NaN	NaN	NaN	NaN	NaN	NaN	NaN	NaN	NaN	1.450	1.520	-0.880	0.540	0.070	0.320	0.350	0.320	0.550	0.360	2.080	0.520	1.560	0.790	1.320	0.850	0.840	0.450	0.470	1.090	1.400	0.240	-0.640	NaN	NaN	NaN	NaN	NaN	NaN	NaN	NaN	NaN	NaN	NaN	NaN	NaN	NaN	NaN	NaN	NaN	NaN	NaN	NaN	NaN	NaN	NaN	NaN	NaN	NaN	NaN	NaN	NaN	NaN	NaN	NaN	NaN	NaN	NaN	NaN	NaN	1.670	2.270	1.120	0.910	0.330	0.920	1.720	2.130	3.150	2.530	1.880	2.040	1.400	1.330	1.680	1.760	1.460	1.890	1.770	1.160	0.140	0.240	2.790	NaN	NaN	NaN	NaN	NaN	NaN	NaN	NaN	NaN	NaN	NaN	NaN	NaN	NaN	NaN	NaN	NaN	NaN	NaN	NaN	NaN
NaN	NaN	NaN	NaN	NaN	NaN	NaN	NaN	NaN	NaN	NaN	NaN	NaN	NaN	NaN	NaN	NaN	-0.460	-0.300	0.490	-0.100	0.040	0.350	0.270	0.320	0.500	1.960	0.860	0.670	1.160	1.650	0.830	1.220	0.850	0.890	1.560	1.140	0.160	0.740	2.540	NaN	NaN	NaN	NaN	NaN	NaN	NaN	NaN	NaN	NaN	NaN	NaN	NaN	NaN	NaN	NaN	NaN	NaN	NaN	NaN	NaN	NaN	NaN	NaN	NaN	NaN	NaN	NaN	NaN	NaN	NaN	NaN	NaN	NaN	NaN	NaN	NaN	0.650	1.390	1.130	0.410	1.040	0.560	1.440	2.920	1.970	1.800	1.730	1.400	1.070	1.360	1.940	1.460	1.810	1.730	1.390	0.250	0.350	3.190	1.960	NaN	NaN	NaN	NaN	NaN	NaN	NaN	NaN	NaN	NaN	NaN	NaN	NaN	NaN	NaN	NaN	NaN	NaN	NaN	NaN
NaN	NaN	NaN	NaN	NaN	NaN	NaN	NaN	NaN	NaN	NaN	NaN	NaN	NaN	NaN	NaN	0.450	0.230	0.000	0.420	0.040	0.080	0.470	0.200	0.110	0.750	1.750	0.550	0.780	0.310	1.400	1.220	0.850	0.450	0.530	1.170	0.890	0.220	0.540	NaN	NaN	NaN	NaN	NaN	NaN	NaN	NaN	NaN	NaN	NaN	NaN	NaN	NaN	NaN	NaN	NaN	NaN	NaN	NaN	NaN	NaN	NaN	NaN	NaN	NaN	NaN	NaN	NaN	NaN	NaN	NaN	NaN	NaN	NaN	NaN	NaN	1.100	1.830	0.380	1.130	0.350	1.050	0.770	1.280	3.100	1.060	1.560	1.770	1.560	1.160	1.370	1.690	1.340	1.230	1.610	1.220	0.310	0.330	2.870	NaN	NaN	NaN	NaN	NaN	NaN	NaN	NaN	NaN	NaN	NaN	NaN	NaN	NaN	NaN	NaN	NaN	NaN	NaN	NaN	NaN
NaN	NaN	NaN	NaN	NaN	NaN	NaN	NaN	NaN	NaN	NaN	NaN	NaN	NaN	NaN	NaN	0.960	0.230	0.080	0.630	0.100	0.080	0.720	0.260	0.150	0.640	1.120	0.460	0.920	0.240	1.230	1.760	1.410	0.290	0.110	1.380	1.070	0.500	0.560	2.460	NaN	NaN	NaN	NaN	NaN	NaN	NaN	NaN	NaN	NaN	NaN	NaN	NaN	NaN	NaN	NaN	NaN	NaN	NaN	NaN	NaN	NaN	NaN	NaN	NaN	NaN	NaN	NaN	NaN	NaN	NaN	NaN	NaN	NaN	NaN	NaN	1.740	1.720	1.020	0.880	0.250	0.600	0.920	1.070	1.110	0.910	1.660	1.850	1.750	1.440	1.620	1.510	1.540	0.980	1.520	1.540	0.170	0.400	3.210	2.760	NaN	NaN	NaN	NaN	NaN	NaN	NaN	NaN	NaN	NaN	NaN	NaN	NaN	NaN	NaN	NaN	NaN	NaN	NaN	NaN
NaN	NaN	NaN	NaN	NaN	NaN	NaN	NaN	NaN	NaN	NaN	NaN	NaN	NaN	NaN	NaN	0.420	-0.320	-0.180	0.750	0.380	0.510	0.820	0.480	0.350	0.270	0.930	0.710	0.730	0.530	1.950	2.360	0.880	0.870	0.610	1.330	1.930	0.860	1.100	3.240	NaN	NaN	NaN	NaN	NaN	NaN	NaN	NaN	NaN	NaN	NaN	NaN	NaN	NaN	NaN	NaN	NaN	NaN	NaN	NaN	NaN	NaN	NaN	NaN	NaN	NaN	NaN	NaN	NaN	NaN	NaN	NaN	NaN	NaN	NaN	NaN	1.030	2.250	0.970	0.870	2.020	2.040	1.060	2.260	0.710	0.840	2.160	2.300	2.040	1.670	1.830	1.880	1.470	2.160	0.500	1.290	0.500	0.230	3.570	4.400	NaN	NaN	NaN	NaN	NaN	NaN	NaN	NaN	NaN	NaN	NaN	NaN	NaN	NaN	NaN	NaN	NaN	NaN	NaN	NaN
NaN	NaN	NaN	NaN	NaN	NaN	NaN	NaN	NaN	NaN	NaN	NaN	NaN	NaN	NaN	NaN	0.450	-0.050	-0.070	0.410	0.530	0.570	0.700	0.600	0.550	0.320	1.080	0.840	0.800	0.580	1.720	2.120	1.310	0.930	0.750	1.620	2.010	0.920	0.760	2.050	NaN	NaN	NaN	NaN	NaN	NaN	NaN	NaN	NaN	NaN	NaN	NaN	NaN	NaN	NaN	NaN	NaN	NaN	NaN	NaN	NaN	NaN	NaN	NaN	NaN	NaN	NaN	NaN	NaN	NaN	NaN	NaN	NaN	NaN	NaN	NaN	1.680	2.000	1.920	0.870	2.280	2.420	0.630	2.370	0.300	2.140	2.080	2.650	2.040	1.560	1.470	2.380	1.660	2.460	0.680	1.520	0.290	0.140	3.380	3.670	NaN	NaN	NaN	NaN	NaN	NaN	NaN	NaN	NaN	NaN	NaN	NaN	NaN	NaN	NaN	NaN	NaN	NaN	NaN	NaN
NaN	NaN	NaN	NaN	NaN	NaN	NaN	NaN	NaN	NaN	NaN	NaN	NaN	NaN	NaN	NaN	0.440	0.040	-0.080	0.440	0.450	0.470	0.490	0.650	0.540	0.620	1.230	0.580	0.980	0.180	1.670	1.640	0.530	0.990	0.300	1.140	1.450	0.960	0.580	-0.470	NaN	NaN	NaN	NaN	NaN	NaN	NaN	NaN	NaN	NaN	NaN	NaN	NaN	NaN	NaN	NaN	NaN	NaN	NaN	NaN	NaN	NaN	NaN	NaN	NaN	NaN	NaN	NaN	NaN	NaN	NaN	NaN	NaN	NaN	NaN	NaN	1.370	1.520	1.870	0.530	1.970	2.280	1.690	1.900	1.550	1.980	2.280	2.160	1.710	1.320	1.940	1.830	1.710	2.280	3.550	1.350	0.310	-0.040	1.550	3.190	NaN	NaN	NaN	NaN	NaN	NaN	NaN	NaN	NaN	NaN	NaN	NaN	NaN	NaN	NaN	NaN	NaN	NaN	NaN	NaN
NaN	NaN	NaN	NaN	NaN	NaN	NaN	NaN	NaN	NaN	NaN	NaN	NaN	NaN	NaN	NaN	0.370	0.070	-0.180	0.280	0.350	0.180	0.410	0.670	0.410	0.780	1.050	0.500	0.610	0.160	1.870	1.040	0.430	1.370	0.280	1.510	-0.150	1.220	0.900	0.320	NaN	NaN	NaN	NaN	NaN	NaN	NaN	NaN	NaN	NaN	NaN	NaN	NaN	NaN	NaN	NaN	NaN	NaN	NaN	NaN	NaN	NaN	NaN	NaN	NaN	NaN	NaN	NaN	NaN	NaN	NaN	NaN	NaN	NaN	NaN	NaN	1.680	1.340	1.430	0.400	1.940	1.670	2.150	1.770	2.750	2.060	2.160	1.770	1.430	1.750	1.700	1.690	1.430	0.890	-0.040	1.540	0.200	-0.040	0.770	3.750	NaN	NaN	NaN	NaN	NaN	NaN	NaN	NaN	NaN	NaN	NaN	NaN	NaN	NaN	NaN	NaN	NaN	NaN	NaN	NaN
NaN	NaN	NaN	NaN	NaN	NaN	NaN	NaN	NaN	NaN	NaN	NaN	NaN	NaN	NaN	NaN	0.320	0.160	0.050	0.200	0.300	0.180	0.460	0.830	0.280	0.560	1.580	0.930	0.670	0.180	1.070	1.480	0.880	0.970	0.570	1.460	0.150	1.550	0.890	0.790	NaN	NaN	NaN	NaN	NaN	NaN	NaN	NaN	NaN	NaN	NaN	NaN	NaN	NaN	NaN	NaN	NaN	NaN	NaN	NaN	NaN	NaN	NaN	NaN	NaN	NaN	NaN	NaN	NaN	NaN	NaN	NaN	NaN	NaN	NaN	NaN	2.020	0.860	1.460	2.220	2.230	1.700	2.430	2.010	3.680	2.670	2.420	2.070	1.850	2.010	1.820	2.150	2.040	-0.140	-0.100	1.430	0.040	0.210	1.330	4.070	NaN	NaN	NaN	NaN	NaN	NaN	NaN	NaN	NaN	NaN	NaN	NaN	NaN	NaN	NaN	NaN	NaN	NaN	NaN	NaN
NaN	NaN	NaN	NaN	NaN	NaN	NaN	NaN	NaN	NaN	NaN	NaN	NaN	NaN	NaN	NaN	0.300	0.190	0.010	0.170	0.300	0.260	0.580	0.820	0.090	0.330	1.010	0.840	0.980	0.340	1.150	1.070	0.720	0.880	0.760	1.850	0.170	2.550	0.760	0.550	NaN	NaN	NaN	NaN	NaN	NaN	NaN	NaN	NaN	NaN	NaN	NaN	NaN	NaN	NaN	NaN	NaN	NaN	NaN	NaN	NaN	NaN	NaN	NaN	NaN	NaN	NaN	NaN	NaN	NaN	NaN	NaN	NaN	NaN	NaN	NaN	1.990	0.570	1.370	2.410	2.100	1.110	2.150	1.430	3.840	2.620	2.220	2.440	2.000	1.770	1.790	2.160	1.480	-0.050	-0.020	1.780	-0.120	0.440	1.070	4.040	NaN	NaN	NaN	NaN	NaN	NaN	NaN	NaN	NaN	NaN	NaN	NaN	NaN	NaN	NaN	NaN	NaN	NaN	NaN	NaN
NaN	NaN	NaN	NaN	NaN	NaN	NaN	NaN	NaN	NaN	NaN	NaN	NaN	NaN	NaN	NaN	0.190	0.110	-0.050	0.210	0.420	0.230	0.580	0.660	0.030	0.280	0.740	0.290	0.850	0.590	1.110	0.710	0.630	0.880	0.580	1.100	0.290	2.400	0.840	0.730	NaN	NaN	NaN	NaN	NaN	NaN	NaN	NaN	NaN	NaN	NaN	NaN	NaN	NaN	NaN	NaN	NaN	NaN	NaN	NaN	NaN	NaN	NaN	NaN	NaN	NaN	NaN	NaN	NaN	NaN	NaN	NaN	NaN	NaN	NaN	NaN	1.470	0.480	0.910	2.080	2.020	0.910	1.920	0.750	3.730	2.310	1.770	2.140	1.840	1.460	1.740	1.490	1.530	-0.050	-0.100	1.260	-0.240	0.420	0.780	3.990	NaN	NaN	NaN	NaN	NaN	NaN	NaN	NaN	NaN	NaN	NaN	NaN	NaN	NaN	NaN	NaN	NaN	NaN	NaN	NaN
NaN	NaN	NaN	NaN	NaN	NaN	NaN	NaN	NaN	NaN	NaN	NaN	NaN	NaN	NaN	NaN	0.290	0.160	-0.030	0.260	0.570	0.360	0.630	0.490	-0.020	0.080	0.490	0.140	0.430	0.540	0.550	0.790	0.590	0.600	0.360	1.430	0.410	0.680	0.970	0.970	NaN	NaN	NaN	NaN	NaN	NaN	NaN	NaN	NaN	NaN	NaN	NaN	NaN	NaN	NaN	NaN	NaN	NaN	NaN	NaN	NaN	NaN	NaN	NaN	NaN	NaN	NaN	NaN	NaN	NaN	NaN	NaN	NaN	NaN	NaN	NaN	1.500	0.680	1.280	1.920	1.250	0.840	1.210	0.530	2.820	2.020	0.970	1.560	1.340	1.450	1.330	1.600	1.030	0.020	0.040	1.190	-0.230	0.420	3.270	0.070	NaN	NaN	NaN	NaN	NaN	NaN	NaN	NaN	NaN	NaN	NaN	NaN	NaN	NaN	NaN	NaN	NaN	NaN	NaN	NaN
NaN	NaN	NaN	NaN	NaN	NaN	NaN	NaN	NaN	NaN	NaN	NaN	NaN	NaN	NaN	NaN	0.420	0.220	0.000	0.370	0.410	0.410	0.360	0.390	-0.050	0.160	0.520	0.010	0.160	0.290	0.540	0.850	0.700	0.780	0.380	1.360	0.390	1.010	0.570	0.570	NaN	NaN	NaN	NaN	NaN	NaN	NaN	NaN	NaN	NaN	NaN	NaN	NaN	NaN	NaN	NaN	NaN	NaN	NaN	NaN	NaN	NaN	NaN	NaN	NaN	NaN	NaN	NaN	NaN	NaN	NaN	NaN	NaN	NaN	NaN	NaN	1.440	0.740	0.920	1.970	0.800	0.570	0.840	0.580	2.680	2.810	1.040	1.630	0.830	0.300	1.490	1.630	1.360	0.070	-0.010	1.340	-0.050	0.420	-0.260	0.040	NaN	NaN	NaN	NaN	NaN	NaN	NaN	NaN	NaN	NaN	NaN	NaN	NaN	NaN	NaN	NaN	NaN	NaN	NaN	NaN
NaN	NaN	NaN	NaN	NaN	NaN	NaN	NaN	NaN	NaN	NaN	NaN	NaN	NaN	NaN	NaN	0.400	0.170	-0.040	0.390	0.190	0.540	0.290	0.510	0.100	0.460	0.470	0.050	0.230	0.100	0.800	0.870	0.260	0.850	0.720	1.240	0.290	0.520	0.700	0.820	NaN	NaN	NaN	NaN	NaN	NaN	NaN	NaN	NaN	NaN	NaN	NaN	NaN	NaN	NaN	NaN	NaN	NaN	NaN	NaN	NaN	NaN	NaN	NaN	NaN	NaN	NaN	NaN	NaN	NaN	NaN	NaN	NaN	NaN	NaN	NaN	1.000	0.430	1.320	0.210	-0.230	1.300	1.390	0.300	2.750	-0.090	1.400	0.700	0.380	-0.110	1.270	1.140	0.870	0.150	0.030	0.880	-0.010	0.100	-0.370	0.050	NaN	NaN	NaN	NaN	NaN	NaN	NaN	NaN	NaN	NaN	NaN	NaN	NaN	NaN	NaN	NaN	NaN	NaN	NaN	NaN
NaN	NaN	NaN	NaN	NaN	NaN	NaN	NaN	NaN	NaN	NaN	NaN	NaN	NaN	NaN	NaN	0.140	0.150	-0.030	0.230	0.060	0.420	0.120	0.380	0.050	0.370	0.540	0.040	0.140	-0.030	0.590	0.900	0.110	0.260	0.590	0.970	-0.060	0.120	0.730	0.850	NaN	NaN	NaN	NaN	NaN	NaN	NaN	NaN	NaN	NaN	NaN	NaN	NaN	NaN	NaN	NaN	NaN	NaN	NaN	NaN	NaN	NaN	NaN	NaN	NaN	NaN	NaN	NaN	NaN	NaN	NaN	NaN	NaN	NaN	NaN	NaN	0.790	0.530	0.610	0.250	-0.260	0.590	0.520	0.590	2.450	0.240	0.750	0.640	0.140	-0.090	0.960	1.040	0.860	0.050	0.020	0.770	0.030	-0.070	-0.390	0.020	NaN	NaN	NaN	NaN	NaN	NaN	NaN	NaN	NaN	NaN	NaN	NaN	NaN	NaN	NaN	NaN	NaN	NaN	NaN	NaN
NaN	NaN	NaN	NaN	NaN	NaN	NaN	NaN	NaN	NaN	NaN	NaN	NaN	NaN	NaN	NaN	-0.040	0.170	-0.020	0.080	-0.160	0.230	-0.020	0.280	0.050	0.120	0.480	0.010	-0.020	-0.120	0.330	0.480	0.130	-0.100	0.110	0.290	-0.270	-0.070	0.300	-0.120	NaN	NaN	NaN	NaN	NaN	NaN	NaN	NaN	NaN	NaN	NaN	NaN	NaN	NaN	NaN	NaN	NaN	NaN	NaN	NaN	NaN	NaN	NaN	NaN	NaN	NaN	NaN	NaN	NaN	NaN	NaN	NaN	NaN	NaN	NaN	NaN	-0.140	0.310	0.280	-0.010	-0.180	0.110	0.210	0.350	0.020	0.170	0.080	0.420	-0.260	-0.130	-0.120	-0.120	0.230	0.170	0.020	-0.030	-0.020	-0.050	-0.410	0.110	NaN	NaN	NaN	NaN	NaN	NaN	NaN	NaN	NaN	NaN	NaN	NaN	NaN	NaN	NaN	NaN	NaN	NaN	NaN	NaN
NaN	NaN	NaN	NaN	NaN	NaN	NaN	NaN	NaN	NaN	NaN	NaN	NaN	NaN	NaN	NaN	-0.020	0.240	0.030	-0.140	0.340	0.320	0.250	0.460	0.160	-0.060	0.680	0.220	0.380	0.130	0.220	0.860	0.090	0.470	0.090	0.370	0.010	0.320	0.170	0.220	NaN	NaN	NaN	NaN	NaN	NaN	NaN	NaN	NaN	NaN	NaN	NaN	NaN	NaN	NaN	NaN	NaN	NaN	NaN	NaN	NaN	NaN	NaN	NaN	NaN	NaN	NaN	NaN	NaN	NaN	NaN	NaN	NaN	NaN	NaN	NaN	0.100	0.160	0.190	0.070	0.020	0.430	0.310	0.670	0.100	0.390	0.460	0.090	-0.440	0.060	0.210	0.480	0.200	0.130	-0.020	0.280	0.000	0.650	-0.380	0.080	NaN	NaN	NaN	NaN	NaN	NaN	NaN	NaN	NaN	NaN	NaN	NaN	NaN	NaN	NaN	NaN	NaN	NaN	NaN	NaN
NaN	NaN	NaN	NaN	NaN	NaN	NaN	NaN	NaN	NaN	NaN	NaN	NaN	NaN	NaN	NaN	0.020	0.350	0.000	-0.190	0.020	0.360	0.320	0.460	0.030	-0.250	0.790	0.390	0.360	0.220	0.530	0.260	0.200	0.170	0.540	0.610	0.290	0.110	0.430	0.390	NaN	NaN	NaN	NaN	NaN	NaN	NaN	NaN	NaN	NaN	NaN	NaN	NaN	NaN	NaN	NaN	NaN	NaN	NaN	NaN	NaN	NaN	NaN	NaN	NaN	NaN	NaN	NaN	NaN	NaN	NaN	NaN	NaN	NaN	NaN	NaN	0.400	0.430	0.220	-0.290	0.040	0.630	0.450	0.250	0.140	0.370	0.140	0.440	-0.200	0.160	0.000	0.690	0.370	0.630	0.080	-0.010	-0.020	0.400	-0.500	0.080	NaN	NaN	NaN	NaN	NaN	NaN	NaN	NaN	NaN	NaN	NaN	NaN	NaN	NaN	NaN	NaN	NaN	NaN	NaN	NaN
NaN	NaN	NaN	NaN	NaN	NaN	NaN	NaN	NaN	NaN	NaN	NaN	NaN	NaN	NaN	NaN	0.040	0.300	0.150	-0.250	0.250	0.740	0.260	0.510	-0.300	-0.150	0.680	0.300	0.050	-0.110	0.060	0.630	0.130	0.530	0.160	0.540	-0.100	-0.220	-0.130	0.050	NaN	NaN	NaN	NaN	NaN	NaN	NaN	NaN	NaN	NaN	NaN	NaN	NaN	NaN	NaN	NaN	NaN	NaN	NaN	NaN	NaN	NaN	NaN	NaN	NaN	NaN	NaN	NaN	NaN	NaN	NaN	NaN	NaN	NaN	NaN	NaN	-0.120	0.380	0.080	0.000	0.080	0.000	0.360	0.390	0.070	0.230	0.250	0.390	0.120	0.140	0.070	0.370	0.020	-0.370	0.040	0.160	0.000	0.050	-0.530	0.170	NaN	NaN	NaN	NaN	NaN	NaN	NaN	NaN	NaN	NaN	NaN	NaN	NaN	NaN	NaN	NaN	NaN	NaN	NaN	NaN
NaN	NaN	NaN	NaN	NaN	NaN	NaN	NaN	NaN	NaN	NaN	NaN	NaN	NaN	NaN	NaN	0.200	0.380	0.200	-0.090	-0.780	0.100	0.080	0.590	-0.290	-0.150	0.570	0.160	-0.340	-0.360	-0.180	0.370	-0.400	-0.330	-0.520	0.300	-0.380	-0.360	-0.100	-1.720	NaN	NaN	NaN	NaN	NaN	NaN	NaN	NaN	NaN	NaN	NaN	NaN	NaN	NaN	NaN	NaN	NaN	NaN	NaN	NaN	NaN	NaN	NaN	NaN	NaN	NaN	NaN	NaN	NaN	NaN	NaN	NaN	NaN	NaN	NaN	NaN	-0.170	-0.260	-0.220	0.020	-0.190	-0.280	0.010	-0.250	0.120	0.100	-0.740	-0.620	0.140	0.160	0.160	-0.190	-0.080	-0.340	0.040	-0.120	-0.160	-0.780	-0.450	-0.060	NaN	NaN	NaN	NaN	NaN	NaN	NaN	NaN	NaN	NaN	NaN	NaN	NaN	NaN	NaN	NaN	NaN	NaN	NaN	NaN
NaN	NaN	NaN	NaN	NaN	NaN	NaN	NaN	NaN	NaN	NaN	NaN	NaN	NaN	NaN	NaN	0.140	0.490	0.270	-0.010	-0.750	0.040	0.250	0.690	-0.310	-0.010	0.380	-0.150	-0.210	-0.470	0.090	-0.050	-0.270	-0.010	-0.740	0.080	-0.620	-0.420	-0.500	-0.900	NaN	NaN	NaN	NaN	NaN	NaN	NaN	NaN	NaN	NaN	NaN	NaN	NaN	NaN	NaN	NaN	NaN	NaN	NaN	NaN	NaN	NaN	NaN	NaN	NaN	NaN	NaN	NaN	NaN	NaN	NaN	NaN	NaN	NaN	NaN	NaN	-0.610	-0.010	-0.680	-0.560	-0.040	-0.420	-0.330	-0.630	0.090	0.170	0.350	-0.430	0.330	0.180	0.100	-0.130	-0.420	-0.410	0.090	-0.310	-0.310	-0.320	-0.330	0.550	NaN	NaN	NaN	NaN	NaN	NaN	NaN	NaN	NaN	NaN	NaN	NaN	NaN	NaN	NaN	NaN	NaN	NaN	NaN	NaN
NaN	NaN	NaN	NaN	NaN	NaN	NaN	NaN	NaN	NaN	NaN	NaN	NaN	NaN	NaN	NaN	-0.070	0.410	0.320	-0.350	-0.330	0.220	0.210	0.470	-0.030	0.160	0.360	-0.030	0.280	-0.170	-0.140	0.470	0.170	-0.290	-0.040	0.040	-0.150	0.070	0.090	NaN	NaN	NaN	NaN	NaN	NaN	NaN	NaN	NaN	NaN	NaN	NaN	NaN	NaN	NaN	NaN	NaN	NaN	NaN	NaN	NaN	NaN	NaN	NaN	NaN	NaN	NaN	NaN	NaN	NaN	NaN	NaN	NaN	NaN	NaN	NaN	NaN	-0.080	-0.230	-0.310	-0.300	-0.060	-0.070	-0.250	-0.300	0.080	0.190	0.130	-0.020	0.220	0.200	0.200	-0.170	0.030	-0.380	0.050	0.190	-0.380	-0.480	-0.230	NaN	NaN	NaN	NaN	NaN	NaN	NaN	NaN	NaN	NaN	NaN	NaN	NaN	NaN	NaN	NaN	NaN	NaN	NaN	NaN	NaN
NaN	NaN	NaN	NaN	NaN	NaN	NaN	NaN	NaN	NaN	NaN	NaN	NaN	NaN	NaN	NaN	-0.260	0.480	0.370	-0.480	-0.400	0.310	0.200	0.010	-0.040	0.100	0.250	-0.160	0.170	0.020	-0.110	0.010	-0.210	-0.150	0.190	-0.060	-0.320	-0.010	-0.220	NaN	NaN	NaN	NaN	NaN	NaN	NaN	NaN	NaN	NaN	NaN	NaN	NaN	NaN	NaN	NaN	NaN	NaN	NaN	NaN	NaN	NaN	NaN	NaN	NaN	NaN	NaN	NaN	NaN	NaN	NaN	NaN	NaN	NaN	NaN	NaN	NaN	-0.090	0.300	-0.230	-0.040	0.220	0.130	-0.030	-0.390	0.030	0.140	0.450	-0.580	0.340	0.230	0.310	-0.090	0.330	-0.440	0.100	-0.220	-0.370	-0.020	-0.230	NaN	NaN	NaN	NaN	NaN	NaN	NaN	NaN	NaN	NaN	NaN	NaN	NaN	NaN	NaN	NaN	NaN	NaN	NaN	NaN	NaN
NaN	NaN	NaN	NaN	NaN	NaN	NaN	NaN	NaN	NaN	NaN	NaN	NaN	NaN	NaN	NaN	-0.110	0.570	0.330	-0.440	-0.440	0.110	-0.030	-0.210	-0.220	0.100	0.390	0.110	-0.050	-0.120	0.000	0.250	-0.060	0.160	-0.070	0.050	-0.160	-0.130	0.410	NaN	NaN	NaN	NaN	NaN	NaN	NaN	NaN	NaN	NaN	NaN	NaN	NaN	NaN	NaN	NaN	NaN	NaN	NaN	NaN	NaN	NaN	NaN	NaN	NaN	NaN	NaN	NaN	NaN	NaN	NaN	NaN	NaN	NaN	NaN	NaN	NaN	-0.200	-0.200	-0.370	-0.420	-0.020	0.270	0.030	-0.570	0.000	0.160	0.390	-0.340	0.210	0.320	0.070	-0.030	0.100	-0.410	0.030	-0.030	-0.310	-0.070	-0.190	NaN	NaN	NaN	NaN	NaN	NaN	NaN	NaN	NaN	NaN	NaN	NaN	NaN	NaN	NaN	NaN	NaN	NaN	NaN	NaN	NaN
NaN	NaN	NaN	NaN	NaN	NaN	NaN	NaN	NaN	NaN	NaN	NaN	NaN	NaN	NaN	NaN	0.120	0.480	0.480	-0.440	-0.320	-0.120	0.330	-0.140	-0.090	0.490	0.650	0.190	0.000	-0.410	0.050	0.420	0.240	-0.230	0.170	0.120	-0.130	0.270	-0.280	NaN	NaN	NaN	NaN	NaN	NaN	NaN	NaN	NaN	NaN	NaN	NaN	NaN	NaN	NaN	NaN	NaN	NaN	NaN	NaN	NaN	NaN	NaN	NaN	NaN	NaN	NaN	NaN	NaN	NaN	NaN	NaN	NaN	NaN	NaN	NaN	NaN	-0.110	0.160	-0.330	-0.520	-0.240	0.080	-0.290	-0.470	-0.110	0.220	0.380	-0.420	0.110	0.360	-0.070	0.180	0.240	-0.490	0.050	-0.410	-0.270	-0.430	-0.190	NaN	NaN	NaN	NaN	NaN	NaN	NaN	NaN	NaN	NaN	NaN	NaN	NaN	NaN	NaN	NaN	NaN	NaN	NaN	NaN	NaN
NaN	NaN	NaN	NaN	NaN	NaN	NaN	NaN	NaN	NaN	NaN	NaN	NaN	NaN	NaN	NaN	0.390	0.410	0.420	-0.040	-0.120	0.460	0.350	0.440	-0.200	0.280	0.690	-0.030	0.040	0.040	-0.240	0.170	0.050	-0.060	0.000	0.280	0.300	0.610	0.520	NaN	NaN	NaN	NaN	NaN	NaN	NaN	NaN	NaN	NaN	NaN	NaN	NaN	NaN	NaN	NaN	NaN	NaN	NaN	NaN	NaN	NaN	NaN	NaN	NaN	NaN	NaN	NaN	NaN	NaN	NaN	NaN	NaN	NaN	NaN	NaN	NaN	-0.140	0.180	-0.550	-0.150	0.290	0.070	0.120	-0.010	-0.180	0.290	0.390	-0.460	-0.010	0.220	-0.130	0.220	0.270	-0.510	0.080	0.050	0.270	0.370	-0.140	NaN	NaN	NaN	NaN	NaN	NaN	NaN	NaN	NaN	NaN	NaN	NaN	NaN	NaN	NaN	NaN	NaN	NaN	NaN	NaN	NaN
NaN	NaN	NaN	NaN	NaN	NaN	NaN	NaN	NaN	NaN	NaN	NaN	NaN	NaN	NaN	NaN	0.080	0.360	0.370	-0.360	0.070	0.220	-0.170	0.230	-0.340	0.410	0.100	-0.140	0.180	-0.040	-0.170	0.120	-0.170	-0.370	-0.310	0.340	-0.020	0.170	-0.440	NaN	NaN	NaN	NaN	NaN	NaN	NaN	NaN	NaN	NaN	NaN	NaN	NaN	NaN	NaN	NaN	NaN	NaN	NaN	NaN	NaN	NaN	NaN	NaN	NaN	NaN	NaN	NaN	NaN	NaN	NaN	NaN	NaN	NaN	NaN	NaN	NaN	0.040	0.380	-0.320	-0.740	0.180	-0.170	-0.670	-0.350	-0.120	0.220	0.340	-0.300	-0.080	0.230	-0.330	0.240	0.250	-0.550	0.100	0.150	-0.240	-0.400	-0.230	NaN	NaN	NaN	NaN	NaN	NaN	NaN	NaN	NaN	NaN	NaN	NaN	NaN	NaN	NaN	NaN	NaN	NaN	NaN	NaN	NaN
NaN	NaN	NaN	NaN	NaN	NaN	NaN	NaN	NaN	NaN	NaN	NaN	NaN	NaN	NaN	NaN	-0.010	0.020	0.420	-0.360	-0.160	0.340	-0.220	-0.090	-0.460	0.050	-0.060	0.120	0.170	0.260	0.080	0.620	0.100	-0.330	0.110	0.220	-0.240	-0.090	-3.050	NaN	NaN	NaN	NaN	NaN	NaN	NaN	NaN	NaN	NaN	NaN	NaN	NaN	NaN	NaN	NaN	NaN	NaN	NaN	NaN	NaN	NaN	NaN	NaN	NaN	NaN	NaN	NaN	NaN	NaN	NaN	NaN	NaN	NaN	NaN	NaN	NaN	0.180	-0.100	0.220	-0.870	0.050	-0.100	-0.620	-0.600	0.030	0.210	0.380	-0.220	-0.180	0.030	-0.240	0.230	-0.060	-0.550	0.070	0.400	-0.070	-0.230	2.890	NaN	NaN	NaN	NaN	NaN	NaN	NaN	NaN	NaN	NaN	NaN	NaN	NaN	NaN	NaN	NaN	NaN	NaN	NaN	NaN	NaN
NaN	NaN	NaN	NaN	NaN	NaN	NaN	NaN	NaN	NaN	NaN	NaN	NaN	NaN	NaN	NaN	-0.270	0.020	0.390	-0.980	-0.190	0.100	-0.590	-0.670	-0.690	-0.380	-0.250	0.200	-0.090	0.100	-0.320	0.240	-0.070	-0.660	-0.900	-0.240	-1.230	-1.110	NaN	NaN	NaN	NaN	NaN	NaN	NaN	NaN	NaN	NaN	NaN	NaN	NaN	NaN	NaN	NaN	NaN	NaN	NaN	NaN	NaN	NaN	NaN	NaN	NaN	NaN	NaN	NaN	NaN	NaN	NaN	NaN	NaN	NaN	NaN	NaN	NaN	NaN	-0.530	-0.610	-0.840	-1.250	-1.040	-0.590	-0.760	-2.140	0.450	0.190	0.420	-0.260	-0.640	-0.030	-0.230	0.240	0.150	-0.500	0.120	0.120	-0.330	-0.300	NaN	NaN	NaN	NaN	NaN	NaN	NaN	NaN	NaN	NaN	NaN	NaN	NaN	NaN	NaN	NaN	NaN	NaN	NaN	NaN	NaN	NaN
NaN	NaN	NaN	NaN	NaN	NaN	NaN	NaN	NaN	NaN	NaN	NaN	NaN	NaN	NaN	NaN	0.030	0.050	0.390	-1.010	-0.020	0.030	-0.480	-0.480	-0.780	-0.500	-0.330	-0.080	-0.410	-0.370	-0.630	-0.120	-0.330	-0.630	-1.020	-0.400	-1.270	-1.110	-1.960	NaN	NaN	NaN	NaN	NaN	NaN	NaN	NaN	NaN	NaN	NaN	NaN	NaN	NaN	NaN	NaN	NaN	NaN	NaN	NaN	NaN	NaN	NaN	NaN	NaN	NaN	NaN	NaN	NaN	NaN	NaN	NaN	NaN	NaN	NaN	NaN	NaN	-0.300	-0.490	-0.800	-1.350	-1.080	-0.680	-0.790	-0.130	0.240	0.200	0.370	-0.170	-0.200	-0.070	-0.090	0.280	0.260	-0.610	0.120	-0.270	-0.700	-0.260	-0.780	NaN	NaN	NaN	NaN	NaN	NaN	NaN	NaN	NaN	NaN	NaN	NaN	NaN	NaN	NaN	NaN	NaN	NaN	NaN	NaN	NaN
NaN	NaN	NaN	NaN	NaN	NaN	NaN	NaN	NaN	NaN	NaN	NaN	NaN	NaN	NaN	NaN	-0.190	0.170	0.240	-0.660	-0.010	0.080	-0.360	-0.330	-0.600	-0.270	-0.600	-0.470	-0.150	-0.350	-0.550	-0.090	-0.150	-0.880	-1.460	-0.040	-1.560	-1.120	NaN	NaN	NaN	NaN	NaN	NaN	NaN	NaN	NaN	NaN	NaN	NaN	NaN	NaN	NaN	NaN	NaN	NaN	NaN	NaN	NaN	NaN	NaN	NaN	NaN	NaN	NaN	NaN	NaN	NaN	NaN	NaN	NaN	NaN	NaN	NaN	NaN	NaN	-0.630	-0.530	-0.990	-0.680	-0.700	-0.190	-1.230	-0.230	0.430	0.280	0.390	-0.080	-0.080	-0.240	-0.070	0.280	-0.200	-0.480	0.340	-0.550	-0.690	-0.190	NaN	NaN	NaN	NaN	NaN	NaN	NaN	NaN	NaN	NaN	NaN	NaN	NaN	NaN	NaN	NaN	NaN	NaN	NaN	NaN	NaN	NaN
NaN	NaN	NaN	NaN	NaN	NaN	NaN	NaN	NaN	NaN	NaN	NaN	NaN	NaN	NaN	NaN	-0.780	0.180	-1.280	-0.600	0.060	0.010	-0.210	-0.410	-0.360	-0.750	-0.930	-0.460	0.050	-0.050	-0.240	0.040	0.010	-1.210	-2.180	-0.090	-1.230	-1.230	NaN	NaN	NaN	NaN	NaN	NaN	NaN	NaN	NaN	NaN	NaN	NaN	NaN	NaN	NaN	NaN	NaN	NaN	NaN	NaN	NaN	NaN	NaN	NaN	NaN	NaN	NaN	NaN	NaN	NaN	NaN	NaN	NaN	NaN	NaN	NaN	NaN	NaN	-0.360	-0.960	-1.400	-0.440	-0.210	-0.280	-1.540	-0.180	0.430	0.170	0.420	-0.030	-0.140	-0.260	0.030	0.250	-0.410	-0.340	0.420	-0.280	-2.440	-0.180	NaN	NaN	NaN	NaN	NaN	NaN	NaN	NaN	NaN	NaN	NaN	NaN	NaN	NaN	NaN	NaN	NaN	NaN	NaN	NaN	NaN	NaN
NaN	NaN	NaN	NaN	NaN	NaN	NaN	NaN	NaN	NaN	NaN	NaN	NaN	NaN	NaN	NaN	-0.640	-0.210	-2.000	-0.840	0.200	0.030	-0.160	-0.550	-0.620	-1.290	-1.170	-1.130	-1.000	-0.990	-0.460	-0.970	-0.140	-0.860	-1.600	-0.710	-1.480	-1.460	NaN	NaN	NaN	NaN	NaN	NaN	NaN	NaN	NaN	NaN	NaN	NaN	NaN	NaN	NaN	NaN	NaN	NaN	NaN	NaN	NaN	NaN	NaN	NaN	NaN	NaN	NaN	NaN	NaN	NaN	NaN	NaN	NaN	NaN	NaN	NaN	NaN	NaN	-0.920	-1.510	-0.300	-0.380	-0.210	-0.900	-3.400	-0.110	0.220	0.260	0.470	-0.060	0.000	-0.520	0.030	0.160	-0.290	-0.340	-0.410	-0.230	-0.150	-0.080	NaN	NaN	NaN	NaN	NaN	NaN	NaN	NaN	NaN	NaN	NaN	NaN	NaN	NaN	NaN	NaN	NaN	NaN	NaN	NaN	NaN	NaN
NaN	NaN	NaN	NaN	NaN	NaN	NaN	NaN	NaN	NaN	NaN	NaN	NaN	NaN	NaN	NaN	-0.890	-0.300	-1.730	-0.640	0.350	0.220	0.040	-0.220	-2.370	-1.360	-1.070	-1.020	-0.870	-0.800	-0.830	-0.700	-0.530	-1.170	-2.980	-0.680	-1.370	-1.880	NaN	NaN	NaN	NaN	NaN	NaN	NaN	NaN	NaN	NaN	NaN	NaN	NaN	NaN	NaN	NaN	NaN	NaN	NaN	NaN	NaN	NaN	NaN	NaN	NaN	NaN	NaN	NaN	NaN	NaN	NaN	NaN	NaN	NaN	NaN	NaN	NaN	NaN	-0.580	-1.600	-0.180	-0.530	-0.140	-1.150	-0.510	0.180	0.470	0.450	0.450	0.000	-0.050	-0.200	0.010	0.120	-1.510	-0.220	-1.730	-0.200	-0.350	-0.250	NaN	NaN	NaN	NaN	NaN	NaN	NaN	NaN	NaN	NaN	NaN	NaN	NaN	NaN	NaN	NaN	NaN	NaN	NaN	NaN	NaN	NaN
NaN	NaN	NaN	NaN	NaN	NaN	NaN	NaN	NaN	NaN	NaN	NaN	NaN	NaN	NaN	NaN	-1.020	-0.230	-1.880	-0.420	-0.160	0.220	-0.370	-0.520	-2.330	-1.540	-1.390	-0.760	-1.090	-1.540	-0.700	-0.690	-0.400	-1.520	NaN	-0.360	-0.690	-2.870	NaN	NaN	NaN	NaN	NaN	NaN	NaN	NaN	NaN	NaN	NaN	NaN	NaN	NaN	NaN	NaN	NaN	NaN	NaN	NaN	NaN	NaN	NaN	NaN	NaN	NaN	NaN	NaN	NaN	NaN	NaN	NaN	NaN	NaN	NaN	NaN	NaN	NaN	-0.760	-1.440	-0.430	-1.130	-0.440	-1.260	-0.660	0.130	0.250	0.390	0.410	-0.090	0.110	-0.010	0.020	0.070	0.060	-0.370	NaN	-1.330	0.070	-1.050	NaN	NaN	NaN	NaN	NaN	NaN	NaN	NaN	NaN	NaN	NaN	NaN	NaN	NaN	NaN	NaN	NaN	NaN	NaN	NaN	NaN	NaN
NaN	NaN	NaN	NaN	NaN	NaN	NaN	NaN	NaN	NaN	NaN	NaN	NaN	NaN	NaN	NaN	-1.460	-0.020	-1.960	-2.050	-0.730	-0.570	-0.480	-0.830	-2.710	-1.450	-1.520	-0.960	-1.450	-1.560	-1.260	-1.230	-0.850	-1.480	NaN	-1.030	NaN	NaN	NaN	NaN	NaN	NaN	NaN	NaN	NaN	NaN	NaN	NaN	NaN	NaN	NaN	NaN	NaN	NaN	NaN	NaN	NaN	NaN	NaN	NaN	NaN	NaN	NaN	NaN	NaN	NaN	NaN	NaN	NaN	NaN	NaN	NaN	NaN	NaN	NaN	NaN	-0.690	-1.180	-0.470	-1.100	-1.510	-1.620	-0.730	0.100	0.490	0.240	0.330	-0.110	0.150	-0.090	-0.060	0.030	0.000	0.280	NaN	0.180	NaN	NaN	NaN	NaN	NaN	NaN	NaN	NaN	NaN	NaN	NaN	NaN	NaN	NaN	NaN	NaN	NaN	NaN	NaN	NaN	NaN	NaN	NaN	NaN
NaN	NaN	NaN	NaN	NaN	NaN	NaN	NaN	NaN	NaN	NaN	NaN	NaN	NaN	NaN	NaN	-1.360	-0.720	-2.040	-2.160	-1.090	-1.540	-0.400	-1.380	-2.640	-1.520	-1.120	-1.380	-1.620	-1.280	-1.280	-1.080	-0.710	-2.520	NaN	-0.910	NaN	NaN	NaN	NaN	NaN	NaN	NaN	NaN	NaN	NaN	NaN	NaN	NaN	NaN	NaN	NaN	NaN	NaN	NaN	NaN	NaN	NaN	NaN	NaN	NaN	NaN	NaN	NaN	NaN	NaN	NaN	NaN	NaN	NaN	NaN	NaN	NaN	NaN	NaN	NaN	-0.450	-0.970	-0.510	-3.160	-1.170	-0.810	-0.500	0.150	0.470	0.290	0.400	-0.050	0.130	-0.390	-0.130	-0.030	0.000	-2.240	NaN	0.140	NaN	NaN	NaN	NaN	NaN	NaN	NaN	NaN	NaN	NaN	NaN	NaN	NaN	NaN	NaN	NaN	NaN	NaN	NaN	NaN	NaN	NaN	NaN	NaN
NaN	NaN	NaN	NaN	NaN	NaN	NaN	NaN	NaN	NaN	NaN	NaN	NaN	NaN	NaN	NaN	-0.750	-0.460	-1.670	-1.860	-1.080	-1.210	-0.240	-1.180	-1.880	-1.670	-0.150	-1.070	-0.930	-1.300	-0.710	-0.770	-0.880	NaN	NaN	-1.020	NaN	NaN	NaN	NaN	NaN	NaN	NaN	NaN	NaN	NaN	NaN	NaN	NaN	NaN	NaN	NaN	NaN	NaN	NaN	NaN	NaN	NaN	NaN	NaN	NaN	NaN	NaN	NaN	NaN	NaN	NaN	NaN	NaN	NaN	NaN	NaN	NaN	NaN	NaN	NaN	-0.700	-0.500	-0.640	-0.190	0.390	-0.480	-0.370	0.130	0.470	0.340	0.440	-0.090	0.210	-0.580	-0.230	-0.090	0.050	NaN	NaN	0.290	NaN	NaN	NaN	NaN	NaN	NaN	NaN	NaN	NaN	NaN	NaN	NaN	NaN	NaN	NaN	NaN	NaN	NaN	NaN	NaN	NaN	NaN	NaN	NaN
NaN	NaN	NaN	NaN	NaN	NaN	NaN	NaN	NaN	NaN	NaN	NaN	NaN	NaN	NaN	NaN	-0.980	-1.300	-1.680	-1.730	-1.150	-1.040	-1.030	-1.230	-0.980	-1.620	-0.140	-1.070	-0.610	-1.480	-0.980	-1.140	-0.550	NaN	NaN	-0.740	NaN	NaN	NaN	NaN	NaN	NaN	NaN	NaN	NaN	NaN	NaN	NaN	NaN	NaN	NaN	NaN	NaN	NaN	NaN	NaN	NaN	NaN	NaN	NaN	NaN	NaN	NaN	NaN	NaN	NaN	NaN	NaN	NaN	NaN	NaN	NaN	NaN	NaN	NaN	NaN	-0.410	-0.270	-0.740	-0.220	0.310	-0.230	-0.270	0.140	0.460	0.280	0.420	-0.060	0.250	-0.270	-0.250	-0.140	0.010	NaN	NaN	0.180	NaN	NaN	NaN	NaN	NaN	NaN	NaN	NaN	NaN	NaN	NaN	NaN	NaN	NaN	NaN	NaN	NaN	NaN	NaN	NaN	NaN	NaN	NaN	NaN
NaN	NaN	NaN	NaN	NaN	NaN	NaN	NaN	NaN	NaN	NaN	NaN	NaN	NaN	NaN	NaN	-1.350	-1.550	-1.570	-1.910	-0.940	-1.190	-1.100	-1.180	-0.590	-0.010	-0.140	-0.980	-0.800	-0.760	-0.930	-1.070	-0.670	NaN	NaN	-0.830	NaN	NaN	NaN	NaN	NaN	NaN	NaN	NaN	NaN	NaN	NaN	NaN	NaN	NaN	NaN	NaN	NaN	NaN	NaN	NaN	NaN	NaN	NaN	NaN	NaN	NaN	NaN	NaN	NaN	NaN	NaN	NaN	NaN	NaN	NaN	NaN	NaN	NaN	NaN	NaN	-0.210	-0.310	-0.680	-0.110	0.350	-0.220	-0.200	0.130	0.230	0.310	0.420	-0.080	0.240	-0.040	-0.340	-0.420	-0.010	NaN	NaN	0.180	NaN	NaN	NaN	NaN	NaN	NaN	NaN	NaN	NaN	NaN	NaN	NaN	NaN	NaN	NaN	NaN	NaN	NaN	NaN	NaN	NaN	NaN	NaN	NaN
NaN	NaN	NaN	NaN	NaN	NaN	NaN	NaN	NaN	NaN	NaN	NaN	NaN	NaN	NaN	NaN	-1.220	-1.480	-1.600	-2.030	-0.930	-1.060	-1.110	-1.270	-0.750	-0.300	0.170	-0.400	-0.440	-0.880	-0.860	-0.900	-0.740	NaN	NaN	-0.670	NaN	NaN	NaN	NaN	NaN	NaN	NaN	NaN	NaN	NaN	NaN	NaN	NaN	NaN	NaN	NaN	NaN	NaN	NaN	NaN	NaN	NaN	NaN	NaN	NaN	NaN	NaN	NaN	NaN	NaN	NaN	NaN	NaN	NaN	NaN	NaN	NaN	NaN	NaN	NaN	-0.460	-0.340	-0.410	-0.180	0.430	-0.540	-0.100	0.080	0.530	0.280	0.460	0.020	0.270	-0.320	-2.120	-0.180	0.040	NaN	NaN	0.160	NaN	NaN	NaN	NaN	NaN	NaN	NaN	NaN	NaN	NaN	NaN	NaN	NaN	NaN	NaN	NaN	NaN	NaN	NaN	NaN	NaN	NaN	NaN	NaN
NaN	NaN	NaN	NaN	NaN	NaN	NaN	NaN	NaN	NaN	NaN	NaN	NaN	NaN	NaN	NaN	-0.540	-1.010	-1.020	-1.900	-0.960	-0.760	-0.910	-1.100	-0.620	-0.250	0.240	-0.400	-0.610	-0.400	-0.700	-0.560	-0.180	NaN	NaN	-0.300	NaN	NaN	NaN	NaN	NaN	NaN	NaN	NaN	NaN	NaN	NaN	NaN	NaN	NaN	NaN	NaN	NaN	NaN	NaN	NaN	NaN	NaN	NaN	NaN	NaN	NaN	NaN	NaN	NaN	NaN	NaN	NaN	NaN	NaN	NaN	NaN	NaN	NaN	NaN	NaN	-0.100	-0.480	-0.180	-0.170	0.350	-0.360	-0.030	0.180	0.360	0.290	0.490	-0.020	0.260	-0.730	0.190	-0.370	0.300	NaN	NaN	0.230	NaN	NaN	NaN	NaN	NaN	NaN	NaN	NaN	NaN	NaN	NaN	NaN	NaN	NaN	NaN	NaN	NaN	NaN	NaN	NaN	NaN	NaN	NaN	NaN
NaN	NaN	NaN	NaN	NaN	NaN	NaN	NaN	NaN	NaN	NaN	NaN	NaN	NaN	NaN	NaN	-0.610	-0.920	-1.200	-0.800	-0.860	-0.570	-0.730	-1.310	-0.530	-0.090	0.250	-0.330	-0.340	-0.540	-0.510	-0.930	-0.620	NaN	NaN	-0.420	NaN	NaN	NaN	NaN	NaN	NaN	NaN	NaN	NaN	NaN	NaN	NaN	NaN	NaN	NaN	NaN	NaN	NaN	NaN	NaN	NaN	NaN	NaN	NaN	NaN	NaN	NaN	NaN	NaN	NaN	NaN	NaN	NaN	NaN	NaN	NaN	NaN	NaN	NaN	NaN	-0.170	-0.410	-0.240	-0.200	0.390	-0.090	0.110	0.200	0.490	0.330	0.420	-0.080	0.290	0.170	0.270	-1.290	0.220	NaN	NaN	0.150	NaN	NaN	NaN	NaN	NaN	NaN	NaN	NaN	NaN	NaN	NaN	NaN	NaN	NaN	NaN	NaN	NaN	NaN	NaN	NaN	NaN	NaN	NaN	NaN
NaN	NaN	NaN	NaN	NaN	NaN	NaN	NaN	NaN	NaN	NaN	NaN	NaN	NaN	NaN	NaN	-0.810	-0.670	-0.910	-0.940	-0.920	-0.630	-0.660	-1.420	-0.730	0.150	-0.030	-0.090	-0.640	-0.330	-0.330	-0.670	-0.390	NaN	NaN	-0.070	NaN	NaN	NaN	NaN	NaN	NaN	NaN	NaN	NaN	NaN	NaN	NaN	NaN	NaN	NaN	NaN	NaN	NaN	NaN	NaN	NaN	NaN	NaN	NaN	NaN	NaN	NaN	NaN	NaN	NaN	NaN	NaN	NaN	NaN	NaN	NaN	NaN	NaN	NaN	NaN	-0.500	-0.130	-0.340	-0.150	0.410	-0.020	0.060	0.220	0.500	0.300	0.420	-0.140	0.200	0.130	0.290	-0.240	0.300	NaN	NaN	0.150	NaN	NaN	NaN	NaN	NaN	NaN	NaN	NaN	NaN	NaN	NaN	NaN	NaN	NaN	NaN	NaN	NaN	NaN	NaN	NaN	NaN	NaN	NaN	NaN
NaN	NaN	NaN	NaN	NaN	NaN	NaN	NaN	NaN	NaN	NaN	NaN	NaN	NaN	NaN	NaN	-0.920	-0.760	-0.910	-0.600	-0.930	-0.530	-0.950	-1.480	-0.610	0.030	0.080	-0.320	-0.240	-0.250	-0.250	-0.490	-0.510	NaN	NaN	-0.150	NaN	NaN	NaN	NaN	NaN	NaN	NaN	NaN	NaN	NaN	NaN	NaN	NaN	NaN	NaN	NaN	NaN	NaN	NaN	NaN	NaN	NaN	NaN	NaN	NaN	NaN	NaN	NaN	NaN	NaN	NaN	NaN	NaN	NaN	NaN	NaN	NaN	NaN	NaN	NaN	-0.350	-0.160	-0.370	-0.120	0.400	-0.870	0.200	0.210	0.490	0.270	0.490	-0.120	0.210	0.180	0.260	-0.330	0.380	NaN	NaN	0.170	NaN	NaN	NaN	NaN	NaN	NaN	NaN	NaN	NaN	NaN	NaN	NaN	NaN	NaN	NaN	NaN	NaN	NaN	NaN	NaN	NaN	NaN	NaN	NaN
NaN	NaN	NaN	NaN	NaN	NaN	NaN	NaN	NaN	NaN	NaN	NaN	NaN	NaN	NaN	NaN	-0.580	-0.420	-0.720	-0.420	-0.320	-0.580	-0.630	-1.120	-0.550	-0.120	0.440	-0.340	-0.450	-0.310	-0.330	-0.350	-0.440	NaN	NaN	-0.350	NaN	NaN	NaN	NaN	NaN	NaN	NaN	NaN	NaN	NaN	NaN	NaN	NaN	NaN	NaN	NaN	NaN	NaN	NaN	NaN	NaN	NaN	NaN	NaN	NaN	NaN	NaN	NaN	NaN	NaN	NaN	NaN	NaN	NaN	NaN	NaN	NaN	NaN	NaN	NaN	0.010	-0.280	-0.510	-0.110	0.430	-1.300	0.240	0.260	0.540	0.310	0.400	-0.240	0.160	0.140	0.240	-0.690	0.250	NaN	NaN	0.170	NaN	NaN	NaN	NaN	NaN	NaN	NaN	NaN	NaN	NaN	NaN	NaN	NaN	NaN	NaN	NaN	NaN	NaN	NaN	NaN	NaN	NaN	NaN	NaN
NaN	NaN	NaN	NaN	NaN	NaN	NaN	NaN	NaN	NaN	NaN	NaN	NaN	NaN	NaN	NaN	-0.680	-0.790	-0.780	-0.770	-0.390	-0.620	-0.850	-1.200	-0.120	-0.210	0.450	-0.190	-0.360	-0.430	-0.310	-0.410	-0.280	NaN	NaN	-0.320	NaN	NaN	NaN	NaN	NaN	NaN	NaN	NaN	NaN	NaN	NaN	NaN	NaN	NaN	NaN	NaN	NaN	NaN	NaN	NaN	NaN	NaN	NaN	NaN	NaN	NaN	NaN	NaN	NaN	NaN	NaN	NaN	NaN	NaN	NaN	NaN	NaN	NaN	NaN	NaN	-1.470	-0.420	-0.680	-0.080	0.480	-0.130	0.150	0.120	0.530	0.330	0.560	-0.340	0.070	0.240	0.260	-0.050	0.270	NaN	NaN	0.120	NaN	NaN	NaN	NaN	NaN	NaN	NaN	NaN	NaN	NaN	NaN	NaN	NaN	NaN	NaN	NaN	NaN	NaN	NaN	NaN	NaN	NaN	NaN	NaN
NaN	NaN	NaN	NaN	NaN	NaN	NaN	NaN	NaN	NaN	NaN	NaN	NaN	NaN	NaN	NaN	-1.070	-1.010	-0.620	-0.860	-0.470	-0.790	-0.860	-0.540	-0.210	0.080	-0.360	-0.080	-0.120	-0.120	-0.050	-0.190	-0.180	NaN	NaN	-0.190	NaN	NaN	NaN	NaN	NaN	NaN	NaN	NaN	NaN	NaN	NaN	NaN	NaN	NaN	NaN	NaN	NaN	NaN	NaN	NaN	NaN	NaN	NaN	NaN	NaN	NaN	NaN	NaN	NaN	NaN	NaN	NaN	NaN	NaN	NaN	NaN	NaN	NaN	NaN	NaN	-0.110	-0.130	-0.080	0.030	0.450	-0.100	0.080	0.190	0.530	0.330	0.470	-0.330	0.010	0.180	0.390	-0.030	0.430	NaN	NaN	0.170	NaN	NaN	NaN	NaN	NaN	NaN	NaN	NaN	NaN	NaN	NaN	NaN	NaN	NaN	NaN	NaN	NaN	NaN	NaN	NaN	NaN	NaN	NaN	NaN
NaN	NaN	NaN	NaN	NaN	NaN	NaN	NaN	NaN	NaN	NaN	NaN	NaN	NaN	NaN	NaN	-0.730	-0.740	-0.570	-0.570	-0.290	-0.910	-0.490	-0.490	-0.350	-0.970	-0.310	-0.960	-0.030	-0.130	-0.300	-0.090	-0.290	NaN	NaN	-0.040	NaN	NaN	NaN	NaN	NaN	NaN	NaN	NaN	NaN	NaN	NaN	NaN	NaN	NaN	NaN	NaN	NaN	NaN	NaN	NaN	NaN	NaN	NaN	NaN	NaN	NaN	NaN	NaN	NaN	NaN	NaN	NaN	NaN	NaN	NaN	NaN	NaN	NaN	NaN	NaN	-0.040	0.040	0.060	-0.060	0.480	-0.090	0.040	0.240	0.530	0.420	0.490	-0.360	-0.030	0.260	0.240	-0.010	0.240	NaN	NaN	0.220	NaN	NaN	NaN	NaN	NaN	NaN	NaN	NaN	NaN	NaN	NaN	NaN	NaN	NaN	NaN	NaN	NaN	NaN	NaN	NaN	NaN	NaN	NaN	NaN
NaN	NaN	NaN	NaN	NaN	NaN	NaN	NaN	NaN	NaN	NaN	NaN	NaN	NaN	NaN	NaN	-0.500	-0.650	-0.270	-0.370	-0.260	-0.860	-0.570	-0.610	-0.340	-0.180	-0.370	-0.770	-0.150	-0.440	-0.540	-0.260	-0.030	NaN	NaN	-0.640	NaN	NaN	NaN	NaN	NaN	NaN	NaN	NaN	NaN	NaN	NaN	NaN	NaN	NaN	NaN	NaN	NaN	NaN	NaN	NaN	NaN	NaN	NaN	NaN	NaN	NaN	NaN	NaN	NaN	NaN	NaN	NaN	NaN	NaN	NaN	NaN	NaN	NaN	NaN	NaN	-0.120	-0.990	0.110	-0.050	0.450	-0.070	-0.070	0.220	0.540	0.300	0.560	-0.400	-0.040	0.160	0.310	0.010	0.430	NaN	NaN	0.250	NaN	NaN	NaN	NaN	NaN	NaN	NaN	NaN	NaN	NaN	NaN	NaN	NaN	NaN	NaN	NaN	NaN	NaN	NaN	NaN	NaN	NaN	NaN	NaN
NaN	NaN	NaN	NaN	NaN	NaN	NaN	NaN	NaN	NaN	NaN	NaN	NaN	NaN	NaN	NaN	-0.540	-0.340	-0.190	-0.590	-0.360	-0.530	-0.170	-0.430	-0.200	-0.200	-0.260	-0.480	-0.040	-0.380	-0.370	-0.410	-0.200	NaN	NaN	-0.070	NaN	NaN	NaN	NaN	NaN	NaN	NaN	NaN	NaN	NaN	NaN	NaN	NaN	NaN	NaN	NaN	NaN	NaN	NaN	NaN	NaN	NaN	NaN	NaN	NaN	NaN	NaN	NaN	NaN	NaN	NaN	NaN	NaN	NaN	NaN	NaN	NaN	NaN	NaN	NaN	-0.060	0.110	0.350	-0.020	0.460	-0.100	-0.090	0.300	0.620	0.460	0.490	-0.390	-0.130	0.240	0.240	-0.050	0.350	NaN	NaN	0.230	NaN	NaN	NaN	NaN	NaN	NaN	NaN	NaN	NaN	NaN	NaN	NaN	NaN	NaN	NaN	NaN	NaN	NaN	NaN	NaN	NaN	NaN	NaN	NaN
NaN	NaN	NaN	NaN	NaN	NaN	NaN	NaN	NaN	NaN	NaN	NaN	NaN	NaN	NaN	NaN	-0.700	-0.610	-0.520	-0.700	-0.460	-0.520	0.090	-0.190	-0.020	0.190	-0.510	-0.320	0.180	-0.090	-0.080	-0.270	-0.070	NaN	NaN	-0.540	NaN	NaN	NaN	NaN	NaN	NaN	NaN	NaN	NaN	NaN	NaN	NaN	NaN	NaN	NaN	NaN	NaN	NaN	NaN	NaN	NaN	NaN	NaN	NaN	NaN	NaN	NaN	NaN	NaN	NaN	NaN	NaN	NaN	NaN	NaN	NaN	NaN	NaN	NaN	NaN	-0.100	0.120	0.320	0.020	0.520	-0.070	-0.180	0.240	0.510	0.450	0.490	-0.510	-0.270	0.210	0.280	-0.080	0.460	NaN	NaN	0.290	NaN	NaN	NaN	NaN	NaN	NaN	NaN	NaN	NaN	NaN	NaN	NaN	NaN	NaN	NaN	NaN	NaN	NaN	NaN	NaN	NaN	NaN	NaN	NaN
NaN	NaN	NaN	NaN	NaN	NaN	NaN	NaN	NaN	NaN	NaN	NaN	NaN	NaN	NaN	NaN	-0.510	-0.380	-0.320	-0.670	-0.210	-0.480	-0.490	0.000	0.160	-0.090	-0.260	-0.370	0.370	0.020	0.000	0.000	-0.610	NaN	NaN	-0.250	NaN	NaN	NaN	NaN	NaN	NaN	NaN	NaN	NaN	NaN	NaN	NaN	NaN	NaN	NaN	NaN	NaN	NaN	NaN	NaN	NaN	NaN	NaN	NaN	NaN	NaN	NaN	NaN	NaN	NaN	NaN	NaN	NaN	NaN	NaN	NaN	NaN	NaN	NaN	NaN	-0.030	0.250	0.420	0.080	0.450	0.000	-0.080	0.220	0.520	0.540	0.550	-0.020	-0.220	0.220	0.260	0.040	0.330	NaN	NaN	0.340	NaN	NaN	NaN	NaN	NaN	NaN	NaN	NaN	NaN	NaN	NaN	NaN	NaN	NaN	NaN	NaN	NaN	NaN	NaN	NaN	NaN	NaN	NaN	NaN
NaN	NaN	NaN	NaN	NaN	NaN	NaN	NaN	NaN	NaN	NaN	NaN	NaN	NaN	NaN	NaN	-0.320	-0.270	0.010	-0.380	-0.080	-0.540	-0.630	-0.200	0.000	-0.320	-0.340	-0.420	0.180	-0.610	-0.480	-0.610	-0.320	NaN	NaN	-0.950	NaN	NaN	NaN	NaN	NaN	NaN	NaN	NaN	NaN	NaN	NaN	NaN	NaN	NaN	NaN	NaN	NaN	NaN	NaN	NaN	NaN	NaN	NaN	NaN	NaN	NaN	NaN	NaN	NaN	NaN	NaN	NaN	NaN	NaN	NaN	NaN	NaN	NaN	NaN	NaN	-0.050	0.200	0.310	0.000	0.600	-0.060	0.300	0.220	0.580	0.510	0.640	0.040	-0.230	0.290	0.270	0.050	0.450	NaN	NaN	0.390	NaN	NaN	NaN	NaN	NaN	NaN	NaN	NaN	NaN	NaN	NaN	NaN	NaN	NaN	NaN	NaN	NaN	NaN	NaN	NaN	NaN	NaN	NaN	NaN
NaN	NaN	NaN	NaN	NaN	NaN	NaN	NaN	NaN	NaN	NaN	NaN	NaN	NaN	NaN	NaN	-0.260	0.290	-0.270	-0.790	-0.390	-0.540	-0.280	0.050	-0.150	-0.100	0.030	-0.040	0.200	-0.350	-0.950	-0.350	-0.720	NaN	NaN	-0.150	NaN	NaN	NaN	NaN	NaN	NaN	NaN	NaN	NaN	NaN	NaN	NaN	NaN	NaN	NaN	NaN	NaN	NaN	NaN	NaN	NaN	NaN	NaN	NaN	NaN	NaN	NaN	NaN	NaN	NaN	NaN	NaN	NaN	NaN	NaN	NaN	NaN	NaN	NaN	NaN	-0.270	0.140	0.280	-0.020	0.560	0.060	0.260	0.250	0.670	0.540	0.590	-0.030	-0.160	0.290	0.530	0.050	0.160	NaN	NaN	-0.160	NaN	NaN	NaN	NaN	NaN	NaN	NaN	NaN	NaN	NaN	NaN	NaN	NaN	NaN	NaN	NaN	NaN	NaN	NaN	NaN	NaN	NaN	NaN	NaN
NaN	NaN	NaN	NaN	NaN	NaN	NaN	NaN	NaN	NaN	NaN	NaN	NaN	NaN	NaN	NaN	-1.160	-0.320	-0.300	-1.000	-1.000	-0.890	-0.070	-0.710	0.140	-0.010	-0.110	-0.370	0.020	-0.200	-0.290	-0.170	-0.320	NaN	NaN	-0.160	NaN	NaN	NaN	NaN	NaN	NaN	NaN	NaN	NaN	NaN	NaN	NaN	NaN	NaN	NaN	NaN	NaN	NaN	NaN	NaN	NaN	NaN	NaN	NaN	NaN	NaN	NaN	NaN	NaN	NaN	NaN	NaN	NaN	NaN	NaN	NaN	NaN	NaN	NaN	NaN	-0.060	0.320	0.240	0.110	0.580	0.240	0.330	0.510	0.740	0.410	0.710	0.060	0.310	0.440	0.400	0.130	0.050	NaN	NaN	-0.260	NaN	NaN	NaN	NaN	NaN	NaN	NaN	NaN	NaN	NaN	NaN	NaN	NaN	NaN	NaN	NaN	NaN	NaN	NaN	NaN	NaN	NaN	NaN	NaN
NaN	NaN	NaN	NaN	NaN	NaN	NaN	NaN	NaN	NaN	NaN	NaN	NaN	NaN	NaN	NaN	0.500	-0.090	0.130	-1.320	-0.170	-1.230	0.040	0.660	-0.350	-0.990	0.590	0.270	0.050	0.370	0.480	-0.250	NaN	NaN	NaN	NaN	NaN	NaN	NaN	NaN	NaN	NaN	NaN	NaN	NaN	NaN	NaN	NaN	NaN	NaN	NaN	NaN	NaN	NaN	NaN	NaN	NaN	NaN	NaN	NaN	NaN	NaN	NaN	NaN	NaN	NaN	NaN	NaN	NaN	NaN	NaN	NaN	NaN	NaN	NaN	NaN	-0.300	0.460	0.420	0.970	0.030	1.050	0.510	-0.260	0.960	1.090	-0.160	-0.950	0.940	0.030	-0.380	0.760	NaN	NaN	NaN	NaN	NaN	NaN	NaN	NaN	NaN	NaN	NaN	NaN	NaN	NaN	NaN	NaN	NaN	NaN	NaN	NaN	NaN	NaN	NaN	NaN	NaN	NaN	NaN	NaN
